Date,Price,Open,High,Low,Vol.,Change %
1/2/2015,16.54,16.49,16.55,16.35,184.56K,1.10%
1/5/2015,16.51,16.47,16.63,16.45,387.43K,-0.18%
1/6/2015,16.42,16.6,16.64,16.37,225.81K,-0.55%
1/7/2015,16.63,16.48,16.65,16.44,492.81K,1.28%
1/8/2015,16.49,16.69,16.69,16.45,440.70K,-0.84%
1/9/2015,16.41,16.48,16.51,16.37,365.45K,-0.49%
1/12/2015,16.37,16.4,16.49,16.25,406.96K,-0.24%
1/13/2015,16.43,16.45,16.52,16.35,276.83K,0.37%
1/14/2015,16.44,16.32,16.51,16.28,232.74K,0.06%
1/15/2015,16.46,16.47,16.53,16.34,248.83K,0.12%
1/16/2015,16.72,16.44,16.72,16.32,283.41K,1.58%
1/20/2015,16.59,16.77,16.78,16.52,300.07K,-0.78%
1/21/2015,16.59,16.55,16.64,16.5,162.04K,0.00%
1/22/2015,16.7,16.62,16.74,16.51,218.13K,0.66%
1/23/2015,16.8,16.7,16.8,16.67,231.26K,0.60%
1/26/2015,16.95,16.77,16.95,16.71,227.35K,0.89%
1/27/2015,16.83,16.86,16.94,16.75,199.63K,-0.71%
1/28/2015,16.68,16.91,16.93,16.66,208.27K,-0.89%
1/29/2015,16.66,16.68,16.74,16.49,333.30K,-0.12%
1/30/2015,16.53,16.64,16.68,16.46,263.66K,-0.78%
2/2/2015,16.65,16.56,16.65,16.4,213.53K,0.73%
2/3/2015,16.75,16.68,16.77,16.57,337.09K,0.60%
2/4/2015,16.7,16.73,16.77,16.59,184.65K,-0.30%
2/5/2015,16.91,16.7,16.91,16.66,229.85K,1.26%
2/6/2015,16.68,16.88,16.9,16.64,270.04K,-1.36%
2/9/2015,16.67,16.65,16.73,16.61,220.70K,-0.06%
2/10/2015,16.68,16.76,16.76,16.57,164.72K,0.06%
2/11/2015,16.64,16.67,16.76,16.6,161.54K,-0.24%
2/12/2015,16.77,16.68,16.79,16.61,241.22K,0.78%
2/13/2015,16.7,16.79,16.79,16.66,178.61K,-0.42%
2/17/2015,16.78,16.7,16.81,16.69,271.97K,0.48%
2/18/2015,16.75,16.75,16.78,16.57,396.03K,-0.18%
2/19/2015,16.66,16.74,16.78,16.6,137.70K,-0.54%
2/20/2015,16.73,16.6,16.74,16.6,201.36K,0.42%
2/23/2015,16.68,16.73,16.73,16.55,183.76K,-0.30%
2/24/2015,16.62,16.61,16.66,16.55,208.94K,-0.36%
2/25/2015,16.63,16.6,16.77,16.6,177.50K,0.06%
2/26/2015,17.09,16.73,17.28,16.73,1.06M,2.77%
2/27/2015,17.09,17.12,17.26,17.09,468.90K,0.00%
3/2/2015,17.42,17.16,17.44,17.16,660.13K,1.93%
3/3/2015,17.42,17.36,17.46,17.23,375.81K,0.00%
3/4/2015,17.52,17.4,17.52,17.3,378.80K,0.57%
3/5/2015,16.78,16.77,16.9,16.71,8.64M,-4.22%
3/6/2015,16.64,16.77,16.82,16.5,1.65M,-0.83%
3/9/2015,16.75,16.71,16.84,16.67,1.28M,0.66%
3/10/2015,16.75,16.76,16.8,16.68,878.08K,0.00%
3/11/2015,16.77,16.74,16.82,16.68,976.14K,0.12%
3/12/2015,16.84,16.75,16.88,16.75,663.27K,0.42%
3/13/2015,16.75,16.86,16.89,16.72,957.14K,-0.53%
3/16/2015,16.81,16.82,16.9,16.79,560.34K,0.36%
3/17/2015,16.93,16.84,16.95,16.82,663.23K,0.71%
3/18/2015,17.06,16.93,17.11,16.89,1.09M,0.77%
3/19/2015,17.14,17.06,17.2,17,708.74K,0.47%
3/20/2015,17.67,17.2,17.69,17.13,1.60M,3.09%
3/23/2015,17.52,17.67,17.68,17.31,1.20M,-0.85%
3/24/2015,17.55,17.5,17.65,17.37,911.97K,0.17%
3/25/2015,17.53,17.62,17.73,17.51,1.00M,-0.11%
3/26/2015,17.54,17.57,17.63,17.4,1.37M,0.06%
3/27/2015,17.07,17.11,17.14,16.99,725.48K,-2.68%
3/30/2015,17.1,17.09,17.21,17.07,733.66K,0.18%
3/31/2015,17.18,17.1,17.26,17.02,1.95M,0.47%
4/1/2015,17.24,17.2,17.38,17.11,803.49K,0.35%
4/2/2015,17.28,17.28,17.35,17.21,449.17K,0.23%
4/6/2015,17.36,17.31,17.42,17.26,391.79K,0.46%
4/7/2015,17.22,17.32,17.34,17.1,437.62K,-0.81%
4/8/2015,17.3,17.27,17.37,17.18,448.24K,0.46%
4/9/2015,17.15,17.25,17.32,17.09,351.08K,-0.87%
4/10/2015,17.22,17.15,17.33,17.15,383.46K,0.41%
4/13/2015,17.25,17.28,17.29,17.17,353.92K,0.17%
4/14/2015,17.28,17.28,17.33,17.25,299.69K,0.17%
4/15/2015,17.16,17.28,17.31,17.16,514.79K,-0.69%
4/16/2015,17.1,17.2,17.28,17.08,777.65K,-0.35%
4/17/2015,17.1,17.07,17.11,17.05,681.16K,0.00%
4/20/2015,17.09,17.14,17.21,17.07,500.92K,-0.06%
4/21/2015,17.1,17.14,17.17,17.06,321.54K,0.06%
4/22/2015,17.05,17.12,17.17,16.99,642.39K,-0.29%
4/23/2015,17.21,17.08,17.28,17.08,452.64K,0.94%
4/24/2015,17.28,17.23,17.36,17.21,345.48K,0.41%
4/27/2015,17.23,17.36,17.47,17.16,362.62K,-0.29%
4/28/2015,17.27,17.17,17.34,17.11,454.33K,0.23%
4/29/2015,17.1,17.22,17.28,17.08,363.73K,-0.98%
4/30/2015,17.09,17.11,17.14,16.95,642.58K,-0.06%
5/1/2015,17.16,17.11,17.25,17.06,473.63K,0.41%
5/4/2015,17.18,17.17,17.27,17.07,484.94K,0.12%
5/5/2015,17.17,17.14,17.27,17.06,527.43K,-0.06%
5/6/2015,17,17.2,17.21,16.95,401.85K,-0.99%
5/7/2015,16.99,16.95,17.03,16.81,491.20K,-0.06%
5/8/2015,17.06,17.1,17.19,17,286.50K,0.41%
5/11/2015,17.04,17.07,17.17,17.01,361.72K,-0.12%
5/12/2015,17.07,17.01,17.08,16.87,298.67K,0.18%
5/13/2015,17.05,17.13,17.16,17,259.10K,-0.12%
5/14/2015,17.29,17.12,17.3,17.11,413.06K,1.41%
5/15/2015,17.41,17.32,17.44,17.22,369.50K,0.69%
5/18/2015,17.39,17.41,17.41,17.24,335.21K,-0.11%
5/19/2015,17.35,17.41,17.41,17.28,314.85K,-0.23%
5/20/2015,17.31,17.33,17.35,17.22,306.99K,-0.23%
5/21/2015,17.24,17.29,17.36,17.18,286.68K,-0.40%
5/22/2015,17.2,17.19,17.3,17.13,314.87K,-0.23%
5/26/2015,17.11,17.2,17.2,17.01,337.73K,-0.52%
5/27/2015,17.34,17.14,17.36,17.1,314.61K,1.34%
5/28/2015,17.35,17.31,17.36,17.26,314.34K,0.06%
5/29/2015,17.17,17.31,17.39,17.15,360.08K,-1.04%
6/1/2015,17.37,17.21,17.38,17.17,281.96K,1.16%
6/2/2015,17.39,17.35,17.43,17.28,723.95K,0.12%
6/3/2015,17.22,17.34,17.37,17.18,343.06K,-0.98%
6/4/2015,17.17,17.22,17.23,17.1,289.26K,-0.29%
6/5/2015,17.05,17.06,17.1,17,406.09K,-0.70%
6/8/2015,17.01,17.05,17.07,16.99,270.40K,-0.23%
6/9/2015,16.95,16.99,17.01,16.88,312.23K,-0.35%
6/10/2015,16.99,16.95,17.07,16.92,376.49K,0.24%
6/11/2015,17.1,17.05,17.12,16.97,491.19K,0.65%
6/12/2015,17.08,17.09,17.09,16.96,236.11K,-0.12%
6/15/2015,17.03,17.08,17.14,16.96,344.79K,-0.29%
6/16/2015,17.16,17.08,17.21,17.01,433.68K,0.76%
6/17/2015,17.27,17.19,17.3,17.12,367.36K,0.64%
6/18/2015,17.35,17.32,17.42,17.27,565.27K,0.46%
6/19/2015,17.56,17.39,17.56,17.3,1.11M,1.21%
6/22/2015,17.48,17.62,17.62,17.46,549.03K,-0.46%
6/23/2015,17.45,17.47,17.48,17.39,361.96K,-0.17%
6/24/2015,17.37,17.45,17.45,17.34,380.43K,-0.46%
6/25/2015,17.37,17.4,17.53,17.31,807.23K,0.00%
6/26/2015,16.8,17.01,17.08,16.67,824.72K,-3.28%
6/29/2015,16.48,16.75,16.88,16.44,443.37K,-1.90%
6/30/2015,16.43,16.51,16.64,16.42,557.95K,-0.30%
7/1/2015,16.69,16.51,16.71,16.4,417.63K,1.58%
7/2/2015,16.57,16.75,16.88,16.55,318.61K,-0.72%
7/6/2015,16.89,16.6,16.91,16.52,491.85K,1.93%
7/7/2015,16.83,16.94,16.99,16.76,532.65K,-0.36%
7/8/2015,16.78,16.75,16.9,16.75,358.17K,-0.30%
7/9/2015,16.69,16.86,16.98,16.61,416.82K,-0.54%
7/10/2015,16.9,16.74,16.97,16.7,417.59K,1.26%
7/13/2015,16.9,16.95,17.01,16.82,591.95K,0.00%
7/14/2015,17.03,16.97,17.1,16.95,450.98K,0.77%
7/15/2015,17.02,17.05,17.07,16.95,276.14K,-0.06%
7/16/2015,16.98,17.02,17.13,16.92,391.06K,-0.24%
7/17/2015,16.99,16.98,17.03,16.89,276.35K,0.06%
7/20/2015,16.87,16.99,16.99,16.83,283.02K,-0.71%
7/21/2015,16.72,16.87,16.94,16.69,347.15K,-0.89%
7/22/2015,16.75,16.75,16.84,16.71,226.54K,0.18%
7/23/2015,16.49,16.75,16.76,16.45,575.00K,-1.55%
7/24/2015,16.31,16.5,16.62,16.28,457.17K,-1.09%
7/27/2015,16.4,16.3,16.45,16.21,240.04K,0.55%
7/28/2015,16.42,16.45,16.55,16.36,338.75K,0.12%
7/29/2015,16.64,16.43,16.68,16.33,435.13K,1.34%
7/30/2015,16.79,16.67,16.82,16.62,346.96K,0.90%
7/31/2015,16.88,16.83,16.97,16.79,379.36K,0.54%
8/3/2015,16.9,16.87,16.95,16.81,330.35K,0.12%
8/4/2015,16.92,16.9,16.95,16.78,374.33K,0.12%
8/5/2015,16.87,16.92,16.92,16.73,277.83K,-0.30%
8/6/2015,16.87,16.87,16.99,16.74,499.40K,0.00%
8/7/2015,16.86,16.83,16.93,16.73,390.43K,-0.06%
8/10/2015,16.93,16.89,16.95,16.84,327.22K,0.42%
8/11/2015,17.12,16.98,17.14,16.92,295.61K,1.12%
8/12/2015,16.99,17.09,17.13,16.89,286.65K,-0.76%
8/13/2015,16.99,16.97,17.09,16.88,328.65K,0.00%
8/14/2015,17.14,16.97,17.17,16.91,392.21K,0.88%
8/17/2015,17.24,17.1,17.24,17.06,302.80K,0.58%
8/18/2015,17.11,17.2,17.2,17.01,501.94K,-0.75%
8/19/2015,17.09,17.1,17.18,16.98,322.31K,-0.12%
8/20/2015,16.98,17.04,17.15,16.98,341.20K,-0.64%
8/21/2015,16.69,16.82,16.98,16.62,483.37K,-1.71%
8/24/2015,16.27,16.35,16.47,12.92,1.27M,-2.52%
8/25/2015,16.36,16.49,16.54,16.3,430.35K,0.55%
8/26/2015,16.45,16.59,16.59,16.31,546.78K,0.55%
8/27/2015,16.57,16.52,16.8,16.41,396.82K,0.73%
8/28/2015,16.49,16.52,16.57,16.39,312.68K,-0.48%
8/31/2015,16.37,16.48,16.54,16.34,530.49K,-0.73%
9/1/2015,16.15,16.26,16.3,16.04,697.16K,-1.34%
9/2/2015,16.26,16.23,16.28,16.09,788.48K,0.68%
9/3/2015,16.29,16.29,16.36,16.25,301.85K,0.18%
9/4/2015,16.15,16.22,16.26,16.07,298.96K,-0.86%
9/8/2015,16.19,16.27,16.29,16.15,477.75K,0.25%
9/9/2015,16.08,16.24,16.3,16.05,380.71K,-0.68%
9/10/2015,16.13,16.07,16.16,16.05,210.64K,0.31%
9/11/2015,16.31,16.11,16.43,16.11,316.06K,1.12%
9/14/2015,16.42,16.32,16.43,16.29,181.49K,0.67%
9/15/2015,16.43,16.43,16.48,16.27,217.31K,0.06%
9/16/2015,16.49,16.43,16.6,16.32,189.68K,0.37%
9/17/2015,16.74,16.49,16.86,16.46,335.80K,1.52%
9/18/2015,16.71,16.61,16.82,16.61,526.28K,-0.18%
9/21/2015,16.83,16.74,16.9,16.74,468.99K,0.72%
9/22/2015,16.83,16.8,17.17,16.77,863.97K,0.00%
9/23/2015,16.89,16.84,16.96,16.81,428.24K,0.36%
9/24/2015,16.83,16.87,16.91,16.72,374.59K,-0.36%
9/25/2015,16.67,16.86,16.91,16.67,623.19K,-0.95%
9/28/2015,15.63,16.3,16.3,15.51,746.01K,-6.24%
9/29/2015,15.73,15.66,15.79,15.63,498.22K,0.64%
9/30/2015,15.71,15.79,15.85,15.53,676.93K,-0.13%
10/1/2015,15.62,15.71,15.8,15.55,405.64K,-0.57%
10/2/2015,15.64,15.58,15.65,15.41,506.65K,0.13%
10/5/2015,16.17,15.69,16.17,15.65,421.66K,3.39%
10/6/2015,16.24,16.17,16.33,16.13,460.68K,0.43%
10/7/2015,16.45,16.27,16.49,16.25,386.36K,1.29%
10/8/2015,16.54,16.45,16.55,16.38,290.30K,0.55%
10/9/2015,16.42,16.56,16.57,16.27,310.14K,-0.73%
10/12/2015,16.64,16.41,16.73,16.41,429.37K,1.34%
10/13/2015,16.48,16.62,16.69,16.4,288.56K,-0.96%
10/14/2015,16.37,16.5,16.55,16.32,241.28K,-0.67%
10/15/2015,16.45,16.4,16.48,16.21,276.66K,0.49%
10/16/2015,16.53,16.49,16.58,16.4,255.40K,0.49%
10/19/2015,16.69,16.5,16.7,16.49,254.25K,0.97%
10/20/2015,16.85,16.72,16.87,16.62,764.39K,0.96%
10/21/2015,16.79,16.85,16.99,16.78,334.86K,-0.36%
10/22/2015,16.92,16.86,16.98,16.79,245.02K,0.77%
10/23/2015,16.9,16.97,16.99,16.8,241.07K,-0.12%
10/26/2015,16.89,16.96,16.96,16.81,269.88K,-0.06%
10/27/2015,16.72,16.81,16.83,16.64,374.46K,-1.01%
10/28/2015,16.87,16.71,16.88,16.47,513.82K,0.90%
10/29/2015,16.7,16.81,16.83,16.59,346.55K,-1.01%
10/30/2015,16.61,16.76,16.85,16.57,324.80K,-0.54%
11/2/2015,17.06,16.68,17.18,16.65,582.79K,2.71%
11/3/2015,17.11,17,17.15,16.93,277.11K,0.29%
11/4/2015,17.13,17.11,17.21,17.07,372.94K,0.12%
11/5/2015,17.05,17.13,17.17,16.87,290.12K,-0.47%
11/6/2015,16.95,17,17.12,16.85,444.06K,-0.59%
11/9/2015,16.91,17.05,17.05,16.82,529.36K,-0.24%
11/10/2015,17.05,16.89,17.1,16.89,484.83K,0.83%
11/11/2015,17.06,17.1,17.15,17.05,429.54K,0.06%
11/12/2015,16.91,17.04,17.12,16.89,305.91K,-0.88%
11/13/2015,16.99,16.9,17.04,16.89,256.85K,0.47%
11/16/2015,17.03,16.99,17.04,16.8,386.03K,0.24%
11/17/2015,17.07,17.04,17.21,17.03,258.24K,0.23%
11/18/2015,17.17,17.1,17.18,17.02,445.52K,0.59%
11/19/2015,17.34,17.2,17.34,17.2,271.11K,0.99%
11/20/2015,17.38,17.35,17.45,17.27,423.62K,0.23%
11/23/2015,17.31,17.38,17.42,17.27,355.16K,-0.40%
11/24/2015,17.4,17.3,17.41,17.2,292.06K,0.52%
11/25/2015,17.4,17.4,17.45,17.26,351.31K,0.00%
11/27/2015,17.57,17.47,17.63,17.44,261.66K,0.98%
11/30/2015,17.55,17.62,17.63,17.46,401.41K,-0.11%
12/1/2015,17.51,17.58,17.7,17.45,433.92K,-0.23%
12/2/2015,17.29,17.52,17.53,17.28,421.24K,-1.26%
12/3/2015,17.2,17.29,17.37,17.12,371.95K,-0.52%
12/4/2015,17.44,17.21,17.49,17.21,375.56K,1.40%
12/7/2015,17.4,17.43,17.49,17.37,422.01K,-0.23%
12/8/2015,17.36,17.33,17.42,17.25,343.28K,-0.23%
12/9/2015,17.28,17.3,17.5,17.22,298.73K,-0.46%
12/10/2015,17.4,17.28,17.43,17.27,285.19K,0.69%
12/11/2015,17.18,17.24,17.35,17.16,512.30K,-1.26%
12/14/2015,17.07,17.18,17.34,16.89,762.26K,-0.64%
12/15/2015,17.45,17.13,17.45,17.03,389.49K,2.23%
12/16/2015,17.53,17.53,17.66,17.36,905.97K,0.46%
12/17/2015,17.58,17.54,17.65,17.52,534.92K,0.29%
12/18/2015,17.58,17.59,17.66,17.43,955.39K,0.00%
12/21/2015,17.71,17.68,17.71,17.42,481.59K,0.74%
12/22/2015,17.76,17.71,17.89,17.7,1.22M,0.28%
12/23/2015,17.95,17.85,18.25,17.82,1.03M,1.07%
12/24/2015,17.94,17.95,18.07,17.9,479.87K,-0.06%
12/28/2015,17.87,17.94,17.95,17.71,448.98K,-0.39%
12/29/2015,17.48,17.43,17.65,17.38,488.02K,-2.18%
12/30/2015,17.12,17.42,17.49,17.11,462.77K,-2.06%
12/31/2015,17.23,17.18,17.37,17.09,528.41K,0.64%
1/4/2016,16.96,17.2,17.2,16.96,691.24K,-1.57%
1/5/2016,17.35,17.06,17.38,16.98,529.13K,2.30%
1/6/2016,17.34,17.36,17.43,17.28,743.78K,-0.06%
1/7/2016,17.01,17.31,17.32,16.99,504.91K,-1.90%
1/8/2016,16.73,17.06,17.12,16.68,679.62K,-1.65%
1/11/2016,16.84,16.76,17.08,16.76,865.88K,0.66%
1/12/2016,16.79,17,17.02,16.69,656.11K,-0.30%
1/13/2016,16.42,16.75,16.82,16.21,971.73K,-2.20%
1/14/2016,16.47,16.42,16.62,16.11,799.46K,0.30%
1/15/2016,15.92,16.24,16.29,15.68,1.28M,-3.34%
1/19/2016,15.49,16,16.05,15.41,1.12M,-2.70%
1/20/2016,15.16,15.3,15.33,13.8,1.98M,-2.13%
1/21/2016,15.13,14.79,15.35,14.79,705.32K,-0.20%
1/22/2016,15.66,15.24,15.74,15.18,791.55K,3.50%
1/25/2016,15.3,15.6,15.62,15.3,489.45K,-2.30%
1/26/2016,15.57,15.34,15.66,15.09,748.55K,1.76%
1/27/2016,15.36,15.55,15.63,15.27,528.21K,-1.35%
1/28/2016,15.53,15.49,15.67,15.35,495.67K,1.11%
1/29/2016,15.9,15.6,15.9,15.54,646.19K,2.38%
2/1/2016,15.83,15.83,15.96,15.64,516.82K,-0.44%
2/2/2016,15.86,15.78,15.86,15.5,560.15K,0.19%
2/3/2016,15.9,15.87,16,15.66,635.95K,0.25%
2/4/2016,15.75,15.88,15.9,15.68,390.55K,-0.94%
2/5/2016,15.7,15.72,15.91,15.69,562.33K,-0.32%
2/8/2016,15.61,15.7,15.7,15.34,943.84K,-0.57%
2/9/2016,15.48,15.45,15.54,15.21,720.71K,-0.83%
2/10/2016,15.71,15.64,15.95,15.36,590.00K,1.49%
2/11/2016,15.28,15.62,15.62,15.03,938.65K,-2.74%
2/12/2016,15.47,15.36,15.56,15.23,665.81K,1.24%
2/16/2016,15.8,15.54,15.9,15.42,620.20K,2.13%
2/17/2016,16,15.84,16.12,15.84,716.70K,1.27%
2/18/2016,16.42,16.02,16.44,16,811.38K,2.63%
2/19/2016,16.24,16.31,16.42,16.2,357.34K,-1.10%
2/22/2016,16.53,16.31,16.69,16.29,457.92K,1.79%
2/23/2016,16.57,16.49,16.68,16.43,382.21K,0.24%
2/24/2016,16.57,16.48,16.68,16.12,426.64K,0.00%
2/25/2016,16.93,16.65,16.99,16.62,342.05K,2.17%
2/26/2016,15.52,16.26,16.28,15.39,2.91M,-8.33%
2/29/2016,15.45,15.53,15.69,15.31,1.88M,-0.45%
3/1/2016,15.6,15.56,15.68,15.47,1.23M,0.97%
3/2/2016,15.68,15.58,15.7,15.46,1.09M,0.51%
3/3/2016,15.82,15.66,15.89,15.64,746.80K,0.89%
3/4/2016,15.95,15.84,16.03,15.79,614.19K,0.82%
3/7/2016,15.95,15.93,16.11,15.79,513.27K,0.00%
3/8/2016,15.81,15.99,15.99,15.67,817.87K,-0.88%
3/9/2016,15.94,15.84,15.96,15.65,814.56K,0.82%
3/10/2016,15.82,15.99,16.01,15.65,506.60K,-0.75%
3/11/2016,16.07,15.9,16.13,15.89,634.66K,1.58%
3/14/2016,15.91,16.07,16.07,15.85,881.78K,-1.00%
3/15/2016,15.86,15.83,15.97,15.56,651.05K,-0.31%
3/16/2016,16.16,15.9,16.26,15.73,772.79K,1.89%
3/17/2016,16.42,16.2,16.59,16.1,757.76K,1.61%
3/18/2016,16.28,16.52,16.52,16.19,1.75M,-0.85%
3/21/2016,16.59,16.33,16.79,16.28,1.28M,1.90%
3/22/2016,16.66,16.6,16.8,16.39,1.55M,0.42%
3/23/2016,16.33,16.65,16.7,16.32,782.26K,-1.98%
3/24/2016,16.45,16.32,16.55,16.2,743.77K,0.73%
3/28/2016,16.43,16.46,16.54,16.27,657.35K,-0.12%
3/29/2016,16.11,15.99,16.12,15.62,929.89K,-1.95%
3/30/2016,16.22,16.15,16.49,16.12,809.12K,0.68%
3/31/2016,16.3,16.19,16.39,16.15,597.15K,0.49%
4/1/2016,16.12,16.24,16.28,16.02,647.56K,-1.10%
4/4/2016,16.01,16.16,16.2,15.94,680.42K,-0.68%
4/5/2016,16.02,15.97,16.1,15.84,467.55K,0.06%
4/6/2016,16.1,16.07,16.14,15.91,517.83K,0.50%
4/7/2016,15.94,16.05,16.1,15.8,830.67K,-0.99%
4/8/2016,15.84,16,16.08,15.83,387.23K,-0.63%
4/11/2016,15.87,15.75,16.09,15.65,1.04M,0.19%
4/12/2016,15.89,15.83,16.15,15.81,704.04K,0.13%
4/13/2016,15.99,15.95,16.05,15.89,389.77K,0.63%
4/14/2016,15.98,16,16.05,15.93,463.02K,-0.06%
4/15/2016,15.95,15.98,16.02,15.82,585.22K,-0.19%
4/18/2016,15.97,15.99,16.03,15.87,534.55K,0.13%
4/19/2016,16.08,15.99,16.12,15.95,550.20K,0.69%
4/20/2016,15.9,16.08,16.13,15.88,484.33K,-1.12%
4/21/2016,15.63,15.88,15.91,15.55,751.54K,-1.70%
4/22/2016,15.7,15.71,15.79,15.61,683.22K,0.45%
4/25/2016,15.89,15.65,15.91,15.6,672.62K,1.21%
4/26/2016,15.96,15.93,16.06,15.79,612.49K,0.44%
4/27/2016,15.95,15.83,15.98,15.67,653.03K,-0.06%
4/28/2016,15.96,15.85,16,15.78,422.80K,0.06%
4/29/2016,15.93,15.93,15.96,15.74,480.31K,-0.19%
5/2/2016,15.91,15.94,16.07,15.84,458.77K,-0.13%
5/3/2016,15.75,15.85,15.88,15.7,561.76K,-1.01%
5/4/2016,15.85,15.73,15.88,15.67,748.71K,0.63%
5/5/2016,15.86,15.9,15.99,15.84,453.83K,0.06%
5/6/2016,15.93,15.82,15.95,15.81,443.89K,0.44%
5/9/2016,16.14,15.95,16.22,15.93,860.91K,1.32%
5/10/2016,16.02,16.15,16.2,15.9,739.06K,-0.74%
5/11/2016,15.98,16.05,16.09,15.96,530.47K,-0.25%
5/12/2016,15.97,16.02,16.08,15.86,389.17K,-0.06%
5/13/2016,15.92,15.97,16.03,15.82,727.20K,-0.31%
5/16/2016,16.02,15.9,16.02,15.88,501.14K,0.63%
5/17/2016,15.79,15.95,16.03,15.72,709.38K,-1.44%
5/18/2016,15.7,15.74,15.8,15.6,1.05M,-0.57%
5/19/2016,15.56,15.63,15.64,15.43,1.35M,-0.89%
5/20/2016,15.76,15.63,15.76,15.62,524.61K,1.29%
5/23/2016,15.71,15.82,15.87,15.7,466.12K,-0.32%
5/24/2016,15.86,15.78,15.94,15.76,761.14K,0.95%
5/25/2016,15.87,15.86,15.95,15.74,560.69K,0.06%
5/26/2016,15.96,15.87,16.02,15.81,818.72K,0.57%
5/27/2016,16.04,15.99,16.07,15.91,351.80K,0.50%
5/31/2016,16.21,16.07,16.23,15.99,801.14K,1.06%
6/1/2016,16.34,16.16,16.35,16.14,541.34K,0.80%
6/2/2016,16.34,16.37,16.4,16.25,484.34K,0.00%
6/3/2016,16.46,16.42,16.48,16.34,380.46K,0.73%
6/6/2016,16.41,16.5,16.55,16.39,680.46K,-0.30%
6/7/2016,16.39,16.43,16.49,16.33,372.93K,-0.12%
6/8/2016,16.51,16.44,16.56,16.37,544.86K,0.73%
6/9/2016,16.57,16.53,16.59,16.47,479.43K,0.36%
6/10/2016,16.49,16.56,16.6,16.41,403.22K,-0.48%
6/13/2016,16.38,16.5,16.55,16.35,367.49K,-0.67%
6/14/2016,16.31,16.42,16.42,16.25,862.58K,-0.43%
6/15/2016,16.48,16.33,16.54,16.31,472.04K,1.04%
6/16/2016,16.56,16.45,16.56,16.35,537.43K,0.49%
6/17/2016,16.4,16.61,16.61,16.31,2.44M,-0.97%
6/20/2016,16.38,16.48,16.6,16.36,728.64K,-0.12%
6/21/2016,16.37,16.42,16.5,16.33,651.44K,-0.06%
6/22/2016,16.33,16.37,16.41,16.3,459.69K,-0.24%
6/23/2016,16.38,16.41,16.42,16.35,526.98K,0.31%
6/24/2016,16.16,16,16.34,15.91,1.76M,-1.34%
6/27/2016,15.87,16.16,16.17,15.82,1.19M,-1.79%
6/28/2016,15.81,15.63,15.91,15.53,1.05M,-0.38%
6/29/2016,15.97,15.94,16.08,15.86,886.45K,1.01%
6/30/2016,16.07,15.95,16.07,15.82,580.55K,0.63%
7/1/2016,15.95,16.13,16.19,15.86,529.95K,-0.75%
7/5/2016,15.86,15.9,16.05,15.78,698.20K,-0.56%
7/6/2016,16.05,15.75,16.06,15.69,1.00M,1.20%
7/7/2016,15.84,16.05,16.1,15.76,804.39K,-1.31%
7/8/2016,15.99,15.94,16.07,15.87,1.03M,0.95%
7/11/2016,16.12,15.98,16.16,15.92,909.84K,0.81%
7/12/2016,16.18,16.15,16.23,16.13,737.02K,0.37%
7/13/2016,16.19,16.21,16.22,16.09,500.51K,0.06%
7/14/2016,16.08,16.15,16.17,16.04,627.57K,-0.68%
7/15/2016,16.14,16.12,16.15,16,406.31K,0.37%
7/18/2016,16.36,16.22,16.38,16.17,732.29K,1.36%
7/19/2016,16.52,16.3,16.52,16.3,715.40K,0.98%
7/20/2016,16.59,16.52,16.61,16.44,442.89K,0.42%
7/21/2016,16.55,16.58,16.61,16.52,355.42K,-0.24%
7/22/2016,16.68,16.55,16.72,16.55,421.41K,0.79%
7/25/2016,16.52,16.69,16.74,16.52,731.42K,-0.96%
7/26/2016,16.53,16.52,16.63,16.5,612.33K,0.06%
7/27/2016,16.23,16.4,16.61,16.21,1.11M,-1.81%
7/28/2016,16.23,16.19,16.27,16.16,406.24K,0.00%
7/29/2016,16.25,16.22,16.3,16.16,786.72K,0.12%
8/1/2016,16.24,16.25,16.32,16.19,898.33K,-0.06%
8/2/2016,16.07,16.2,16.2,15.95,975.90K,-1.05%
8/3/2016,16.13,16.08,16.2,15.99,586.80K,0.37%
8/4/2016,16.24,16.15,16.26,16.1,665.53K,0.68%
8/5/2016,16.36,16.25,16.48,16.24,1.04M,0.74%
8/8/2016,16.32,16.41,16.48,16.29,779.37K,-0.24%
8/9/2016,16.38,16.29,16.41,16.29,328.13K,0.37%
8/10/2016,16.29,16.39,16.47,16.26,442.85K,-0.55%
8/11/2016,16.37,16.36,16.42,16.27,403.11K,0.49%
8/12/2016,16.49,16.43,16.57,16.37,884.16K,0.73%
8/15/2016,16.35,16.47,16.54,16.35,635.61K,-0.85%
8/16/2016,16.24,16.31,16.32,16.21,512.22K,-0.67%
8/17/2016,16.28,16.22,16.35,16.12,559.88K,0.25%
8/18/2016,16.28,16.29,16.4,16.21,427.48K,0.00%
8/19/2016,16.25,16.3,16.33,16.18,710.31K,-0.18%
8/22/2016,16.26,16.27,16.32,16.19,503.49K,0.06%
8/23/2016,16.31,16.32,16.37,16.27,414.45K,0.31%
8/24/2016,16.22,16.32,16.32,16.22,1.01M,-0.55%
8/25/2016,16.32,16.17,16.34,16.12,734.25K,0.62%
8/26/2016,16.2,16.3,16.39,16.12,809.98K,-0.74%
8/29/2016,16.25,16.22,16.34,16.2,532.85K,0.31%
8/30/2016,16.3,16.3,16.33,16.18,504.66K,0.31%
8/31/2016,16.3,16.21,16.32,16.1,1.21M,0.00%
9/1/2016,16.48,16.3,16.51,16.25,1.03M,1.10%
9/2/2016,16.66,16.52,16.75,16.51,1.21M,1.09%
9/6/2016,16.76,16.7,16.76,16.57,1.12M,0.60%
9/7/2016,16.97,16.85,17.03,16.84,1.14M,1.25%
9/8/2016,16.97,16.97,17.02,16.93,603.50K,0.00%
9/9/2016,16.58,16.92,16.94,16.58,1.52M,-2.30%
9/12/2016,16.75,16.51,16.79,16.42,1.46M,1.03%
9/13/2016,16.6,16.69,16.8,16.5,1.76M,-0.90%
9/14/2016,16.77,16.62,16.94,16.62,1.36M,1.02%
9/15/2016,16.72,16.75,16.8,16.54,1.06M,-0.30%
9/16/2016,16.59,16.58,16.74,16.53,3.38M,-0.78%
9/19/2016,16.94,16.66,17,16.65,1.36M,2.11%
9/20/2016,16.92,17.03,17.05,16.91,1.06M,-0.12%
9/21/2016,17.03,17,17.05,16.83,982.59K,0.65%
9/22/2016,17.24,17.1,17.27,17.04,1.00M,1.23%
9/23/2016,17.05,17.22,17.28,17,1.30M,-1.10%
9/26/2016,17.12,17.08,17.25,17.06,1.42M,0.41%
9/27/2016,17.04,17.17,17.17,17.01,949.44K,-0.47%
9/28/2016,16.48,16.66,16.68,16.41,978.08K,-3.29%
9/29/2016,16.37,16.51,16.51,16.31,1.26M,-0.67%
9/30/2016,16.37,16.43,16.48,16.32,1.40M,0.00%
10/3/2016,16.23,16.33,16.33,16.2,1.29M,-0.86%
10/4/2016,15.89,16.28,16.28,15.85,1.58M,-2.09%
10/5/2016,15.84,15.96,16.08,15.83,1.07M,-0.31%
10/6/2016,15.67,15.84,15.85,15.67,1.20M,-1.07%
10/7/2016,15.58,15.7,15.77,15.54,1.14M,-0.57%
10/10/2016,15.79,15.59,15.8,15.59,685.14K,1.35%
10/11/2016,15.77,15.81,15.83,15.72,680.74K,-0.13%
10/12/2016,16.01,15.76,16.1,15.73,723.28K,1.52%
10/13/2016,16.15,16.08,16.27,16.05,819.71K,0.87%
10/14/2016,16.14,16.17,16.26,16.1,599.96K,-0.06%
10/17/2016,16.14,16.25,16.25,16.13,431.65K,0.00%
10/18/2016,16.25,16.2,16.32,16.13,775.86K,0.68%
10/19/2016,16.24,16.25,16.29,16.17,597.69K,-0.06%
10/20/2016,16.26,16.25,16.3,16.18,734.20K,0.12%
10/21/2016,16.29,16.17,16.34,16.17,509.19K,0.18%
10/24/2016,16.46,16.33,16.49,16.33,514.50K,1.04%
10/25/2016,16.5,16.45,16.54,16.43,831.99K,0.24%
10/26/2016,16.5,16.47,16.55,16.42,927.00K,0.00%
10/27/2016,16.83,16.58,16.91,16.58,1.68M,2.00%
10/28/2016,16.92,16.86,17.02,16.72,1.19M,0.53%
10/31/2016,16.92,16.96,17.1,16.83,1.26M,0.00%
11/1/2016,16.63,16.93,17.05,16.53,1.79M,-1.71%
11/2/2016,16.74,16.66,16.79,16.58,803.19K,0.66%
11/3/2016,16.75,16.74,16.81,16.68,592.24K,0.06%
11/4/2016,16.8,16.77,16.96,16.7,702.51K,0.30%
11/7/2016,16.88,16.93,17.06,16.85,918.23K,0.48%
11/8/2016,16.84,16.79,16.87,16.73,893.08K,-0.24%
11/9/2016,16.85,16.5,17.01,16.41,1.28M,0.06%
11/10/2016,16.84,16.9,17.03,16.67,1.50M,-0.06%
11/11/2016,16.88,16.84,17.05,16.82,1.10M,0.24%
11/14/2016,17.3,16.92,17.34,16.89,1.26M,2.49%
11/15/2016,17.08,17.27,17.27,16.97,1.13M,-1.27%
11/16/2016,16.99,17.09,17.22,16.96,663.62K,-0.53%
11/17/2016,17.09,17.04,17.22,17,767.43K,0.59%
11/18/2016,17.3,17.14,17.31,17.06,956.53K,1.23%
11/21/2016,17.22,17.38,17.38,17.21,633.02K,-0.46%
11/22/2016,17.23,17.3,17.35,17.21,721.44K,0.06%
11/23/2016,17.11,17.15,17.24,17,744.39K,-0.70%
11/25/2016,17.26,17.11,17.32,17.08,244.39K,0.88%
11/28/2016,17.31,17.3,17.4,17.28,408.95K,0.29%
11/29/2016,17.45,17.37,17.52,17.3,640.20K,0.81%
11/30/2016,17.16,17.4,17.47,17.07,775.47K,-1.66%
12/1/2016,17.08,17.19,17.19,16.97,625.98K,-0.47%
12/2/2016,17.09,17.1,17.24,17.05,439.53K,0.06%
12/5/2016,17.5,17.19,17.5,17.17,511.52K,2.40%
12/6/2016,17.51,17.41,17.57,17.37,751.40K,0.06%
12/7/2016,17.63,17.55,17.77,17.53,894.16K,0.69%
12/8/2016,17.86,17.66,17.94,17.61,665.49K,1.30%
12/9/2016,18.05,17.83,18.1,17.8,835.34K,1.06%
12/12/2016,17.86,18.05,18.09,17.83,713.05K,-1.05%
12/13/2016,16.95,17.03,17.13,16.86,9.66M,-5.10%
12/14/2016,16.81,17.02,17.08,16.74,2.29M,-0.83%
12/15/2016,16.63,16.66,16.84,16.57,2.12M,-1.07%
12/16/2016,16.79,16.72,16.97,16.7,1.81M,0.96%
12/19/2016,17.05,16.87,17.07,16.83,1.38M,1.55%
12/20/2016,16.99,17,17.12,16.93,1.06M,-0.35%
12/21/2016,16.97,16.99,17.09,16.97,1.06M,-0.12%
12/22/2016,16.99,17.03,17.13,16.93,883.27K,0.12%
12/23/2016,16.98,17.05,17.07,16.88,992.70K,-0.06%
12/27/2016,17.01,17.01,17.07,16.99,1.21M,0.18%
12/28/2016,16.48,16.54,16.64,16.46,1.56M,-3.12%
12/29/2016,16.68,16.46,16.71,16.46,1.38M,1.21%
12/30/2016,16.62,16.74,16.74,16.56,734.19K,-0.36%
1/3/2017,16.91,16.64,16.92,16.62,1.07M,1.74%
1/4/2017,17.15,16.94,17.16,16.93,1.78M,1.42%
1/5/2017,17.08,17.12,17.15,17,756.47K,-0.41%
1/6/2017,17.06,17.09,17.1,17.01,692.24K,-0.12%
1/9/2017,16.84,17.05,17.06,16.84,1.06M,-1.29%
1/10/2017,16.99,16.9,17.01,16.87,1.24M,0.89%
1/11/2017,17.03,17,17.13,16.96,614.08K,0.24%
1/12/2017,16.95,17.04,17.04,16.87,780.68K,-0.47%
1/13/2017,17.09,17.02,17.11,16.9,784.73K,0.83%
1/17/2017,17.09,17.15,17.17,17.05,792.89K,0.00%
1/18/2017,17.19,17.13,17.2,17.03,858.53K,0.59%
1/19/2017,17,17.15,17.18,16.98,821.70K,-1.11%
1/20/2017,17.01,17.03,17.1,16.99,720.61K,0.06%
1/23/2017,17.16,17.1,17.29,17.05,1.03M,0.88%
1/24/2017,17.36,17.2,17.44,17.2,1.05M,1.17%
1/25/2017,17.35,17.38,17.46,17.35,768.58K,-0.06%
1/26/2017,17.38,17.35,17.42,17.34,828.56K,0.17%
1/27/2017,17.37,17.37,17.41,17.3,776.72K,-0.06%
1/30/2017,17.39,17.36,17.44,17.27,1.49M,0.12%
1/31/2017,17.41,17.34,17.44,17.07,1.90M,0.12%
2/1/2017,17.33,17.42,17.52,17.31,693.86K,-0.46%
2/2/2017,17.39,17.33,17.45,17.33,617.50K,0.35%
2/3/2017,17.49,17.5,17.53,17.41,679.14K,0.58%
2/6/2017,17.56,17.53,17.57,17.49,646.15K,0.40%
2/7/2017,17.55,17.57,17.63,17.51,556.83K,-0.06%
2/8/2017,17.5,17.63,17.63,17.48,801.38K,-0.28%
2/9/2017,17.62,17.51,17.66,17.47,656.48K,0.69%
2/10/2017,17.76,17.65,17.77,17.63,981.40K,0.79%
2/13/2017,17.69,17.79,17.81,17.63,1.06M,-0.39%
2/14/2017,17.68,17.69,17.72,17.59,660.10K,-0.06%
2/15/2017,17.54,17.64,17.64,17.44,1.04M,-0.79%
2/16/2017,17.92,17.76,17.94,17.69,2.35M,2.17%
2/17/2017,17.8,17.93,17.95,17.74,1.23M,-0.67%
2/21/2017,17.95,17.85,17.95,17.8,869.09K,0.84%
2/22/2017,17.93,17.93,17.95,17.85,745.49K,-0.11%
2/23/2017,18.04,17.95,18.09,17.93,1.28M,0.61%
2/24/2017,17.97,18.03,18.07,17.91,749.85K,-0.39%
2/27/2017,17.98,17.99,18.06,17.92,930.77K,0.06%
2/28/2017,18.39,18.06,18.39,18,2.22M,2.28%
3/1/2017,18.38,18.3,18.47,18.09,1.84M,-0.05%
3/2/2017,18.2,18.28,18.34,18.17,1.12M,-0.98%
3/3/2017,18.17,18.25,18.36,18.09,1.51M,-0.16%
3/6/2017,18.19,18.2,18.21,18.1,764.97K,0.11%
3/7/2017,18.25,18.12,18.32,18.12,842.00K,0.33%
3/8/2017,18.04,18.33,18.38,18.02,919.55K,-1.15%
3/9/2017,17.83,18.04,18.15,17.76,1.35M,-1.16%
3/10/2017,17.92,17.9,18.02,17.82,1.16M,0.50%
3/13/2017,17.91,17.96,18.14,17.87,1.00M,-0.06%
3/14/2017,17.79,17.89,17.9,17.75,1.18M,-0.67%
3/15/2017,18.04,17.9,18.12,17.85,1.42M,1.41%
3/16/2017,18.18,18.12,18.25,18.07,1.47M,0.78%
3/17/2017,18.34,18.19,18.38,18.19,2.38M,0.88%
3/20/2017,18.35,18.42,18.46,18.28,836.81K,0.05%
3/21/2017,18.37,18.35,18.42,18.31,899.41K,0.11%
3/22/2017,18.39,18.37,18.43,18.22,1.09M,0.11%
3/23/2017,18.5,18.4,18.6,18.34,885.49K,0.60%
3/24/2017,18.58,18.52,18.72,18.38,1.29M,0.43%
3/27/2017,18.81,18.6,18.84,18.55,1.21M,1.24%
3/28/2017,18.93,18.82,19.03,18.74,2.30M,0.64%
3/29/2017,18.71,18.49,18.74,18.46,1.52M,-1.16%
3/30/2017,18.72,18.71,18.76,18.66,851.04K,0.05%
3/31/2017,18.81,18.74,18.83,18.7,1.04M,0.48%
4/3/2017,18.74,18.84,18.88,18.65,721.57K,-0.37%
4/4/2017,18.77,18.74,18.83,18.57,868.27K,0.16%
4/5/2017,18.72,18.77,18.93,18.69,917.29K,-0.27%
4/6/2017,18.79,18.7,18.8,18.68,640.03K,0.37%
4/7/2017,18.76,18.77,18.89,18.71,1.03M,-0.16%
4/10/2017,18.73,18.8,18.85,18.69,1.09M,-0.16%
4/11/2017,18.82,18.73,18.89,18.7,1.18M,0.48%
4/12/2017,18.78,18.81,18.83,18.73,638.47K,-0.21%
4/13/2017,18.72,18.8,18.86,18.71,1.19M,-0.32%
4/17/2017,18.97,18.81,19,18.79,1.04M,1.34%
4/18/2017,18.88,19,19,18.79,680.12K,-0.47%
4/19/2017,18.8,18.93,18.93,18.75,577.70K,-0.42%
4/20/2017,18.84,18.84,18.91,18.72,761.55K,0.21%
4/21/2017,18.83,18.88,18.93,18.8,809.43K,-0.05%
4/24/2017,18.88,18.83,18.89,18.75,1.11M,0.27%
4/25/2017,18.93,18.84,18.98,18.83,815.70K,0.26%
4/26/2017,19.58,19.3,19.68,19.28,6.79M,3.43%
4/27/2017,19.36,19.65,19.91,19.31,13.12M,-1.12%
4/28/2017,19.29,19.36,19.41,19.16,2.47M,-0.36%
5/1/2017,19.31,19.33,19.37,19.23,1.80M,0.10%
5/2/2017,18.99,19.25,19.27,18.9,2.42M,-1.66%
5/3/2017,18.4,18.94,18.97,18.26,3.83M,-3.11%
5/4/2017,18.44,18.4,18.48,18.25,2.05M,0.22%
5/5/2017,18.59,18.45,18.71,18.39,1.47M,0.81%
5/8/2017,18.49,18.6,18.68,18.43,911.56K,-0.54%
5/9/2017,18.27,18.45,18.49,18.22,1.41M,-1.19%
5/10/2017,18.34,18.35,18.44,18.26,917.62K,0.38%
5/11/2017,18.28,18.3,18.34,18.2,656.08K,-0.33%
5/12/2017,18.16,18.25,18.31,18.13,925.98K,-0.66%
5/15/2017,18.23,18.16,18.37,18.14,1.28M,0.39%
5/16/2017,18.18,18.23,18.27,18.15,1.04M,-0.27%
5/17/2017,18.21,18.12,18.22,18.08,1.08M,0.17%
5/18/2017,18.23,18.17,18.36,18.1,785.63K,0.11%
5/19/2017,18.22,18.15,18.34,18.13,1.84M,-0.05%
5/22/2017,18.38,18.25,18.42,18.24,688.25K,0.88%
5/23/2017,18.68,18.46,18.72,18.4,1.73M,1.63%
5/24/2017,18.95,18.74,18.97,18.71,2.28M,1.45%
5/25/2017,18.95,19,19,18.84,1.26M,0.00%
5/26/2017,18.99,18.95,19.02,18.84,1.14M,0.21%
5/30/2017,18.98,18.99,19.04,18.86,1.21M,-0.05%
5/31/2017,18.46,18.2,18.48,18.16,19.93M,-2.74%
6/1/2017,18.48,18.49,18.62,18.38,2.59M,0.11%
6/2/2017,18.52,18.5,18.58,18.45,1.66M,0.22%
6/5/2017,18.44,18.5,18.56,18.43,1.26M,-0.43%
6/6/2017,18.3,18.49,18.49,18.29,1.54M,-0.76%
6/7/2017,18.28,18.29,18.39,18.16,1.97M,-0.11%
6/8/2017,18.38,18.29,18.45,18.26,1.26M,0.55%
6/9/2017,18.52,18.43,18.58,18.42,2.22M,0.76%
6/12/2017,18.72,18.6,18.74,18.56,1.53M,1.08%
6/13/2017,18.76,18.72,18.82,18.69,1.08M,0.21%
6/14/2017,18.84,18.78,18.84,18.72,1.24M,0.43%
6/15/2017,18.85,18.83,18.92,18.78,1.04M,0.05%
6/16/2017,18.97,18.8,19.01,18.8,5.23M,0.64%
6/19/2017,19.17,19.06,19.18,18.99,1.23M,1.05%
6/20/2017,19.19,19.19,19.24,19.1,1.15M,0.10%
6/21/2017,19.06,19.21,19.26,18.97,1.06M,-0.68%
6/22/2017,19.21,19.06,19.23,19.06,983.52K,0.79%
6/23/2017,19.17,19.24,19.26,19.12,2.45M,-0.21%
6/26/2017,19.16,19.23,19.23,19.1,753.59K,-0.05%
6/27/2017,19,19.17,19.2,19,1.57M,-0.84%
6/28/2017,18.66,18.58,18.79,18.48,1.27M,-1.79%
6/29/2017,18.57,18.66,18.71,18.39,1.10M,-0.48%
6/30/2017,18.55,18.59,18.64,18.48,816.41K,-0.11%
7/3/2017,18.73,18.58,18.77,18.57,546.02K,0.97%
7/5/2017,18.74,18.73,18.8,18.69,1.08M,0.05%
7/6/2017,18.62,18.73,18.75,18.59,1.36M,-0.64%
7/7/2017,18.33,18.58,18.6,18.27,1.13M,-1.56%
7/10/2017,18.29,18.34,18.43,18.26,1.10M,-0.22%
7/11/2017,18.39,18.31,18.42,18.27,1.35M,0.55%
7/12/2017,18.39,18.5,18.54,18.35,762.40K,0.00%
7/13/2017,18.21,18.38,18.38,18.13,1.20M,-0.98%
7/14/2017,18.33,18.25,18.34,18.18,734.87K,0.66%
7/17/2017,18.24,18.31,18.35,18.18,1.11M,-0.49%
7/18/2017,18.01,18.19,18.19,17.91,1.56M,-1.26%
7/19/2017,18,17.99,18.07,17.89,1.83M,-0.06%
7/20/2017,18.11,18.05,18.22,18,804.97K,0.61%
7/21/2017,18.23,18.22,18.3,18.11,749.31K,0.66%
7/24/2017,18.2,18.24,18.25,18.18,596.73K,-0.16%
7/25/2017,18.04,18.2,18.24,18.02,836.80K,-0.88%
7/26/2017,18.04,18.04,18.13,17.97,1.05M,0.00%
7/27/2017,17.91,18.04,18.04,17.83,1.85M,-0.72%
7/28/2017,17.88,17.91,17.93,17.8,1.08M,-0.17%
7/31/2017,18.03,17.93,18.04,17.89,1.31M,0.84%
8/1/2017,17.91,18.06,18.08,17.9,874.95K,-0.67%
8/2/2017,17.89,18,18.09,17.73,1.81M,-0.11%
8/3/2017,17.93,17.97,18.02,17.86,863.19K,0.22%
8/4/2017,18.01,17.94,18.08,17.91,995.00K,0.45%
8/7/2017,18.01,18.05,18.08,17.96,609.39K,0.00%
8/8/2017,18.07,18,18.15,17.95,635.82K,0.33%
8/9/2017,18.2,18.05,18.23,18.02,1.12M,0.72%
8/10/2017,18.06,18.2,18.23,18,1.32M,-0.77%
8/11/2017,17.98,17.89,18,17.82,1.14M,-0.44%
8/14/2017,18.23,18,18.26,17.99,877.51K,1.39%
8/15/2017,18.1,18.08,18.15,18,1.64M,-0.71%
8/16/2017,18.07,18.1,18.17,18.02,1.82M,-0.17%
8/17/2017,17.91,18.06,18.11,17.88,1.56M,-0.89%
8/18/2017,17.92,17.82,17.98,17.82,1.41M,0.06%
8/21/2017,17.89,17.9,17.91,17.78,991.06K,-0.17%
8/22/2017,17.94,17.9,17.98,17.9,925.79K,0.28%
8/23/2017,17.87,17.94,18.01,17.85,1.10M,-0.39%
8/24/2017,17.86,17.89,17.95,17.83,1.30M,-0.06%
8/25/2017,17.84,17.89,17.93,17.8,911.01K,-0.11%
8/28/2017,17.9,17.86,17.9,17.82,710.64K,0.34%
8/29/2017,17.8,17.96,17.99,17.76,988.72K,-0.56%
8/30/2017,17.79,17.79,17.87,17.75,704.60K,-0.06%
8/31/2017,18.09,17.9,18.14,17.88,1.33M,1.69%
9/1/2017,18.18,18.09,18.21,18.02,1.03M,0.50%
9/5/2017,17.91,18.18,18.21,17.9,1.51M,-1.49%
9/6/2017,17.91,17.91,18.04,17.9,1.11M,0.00%
9/7/2017,17.79,17.9,17.96,17.77,1.71M,-0.67%
9/8/2017,17.75,17.78,17.86,17.71,1.27M,-0.22%
9/11/2017,17.97,17.85,17.98,17.81,1.22M,1.24%
9/12/2017,17.92,17.97,18.02,17.89,898.38K,-0.28%
9/13/2017,17.94,17.94,17.99,17.94,1.38M,0.11%
9/14/2017,17.9,17.93,18.02,17.9,1.18M,-0.22%
9/15/2017,17.97,17.99,18.07,17.9,3.17M,0.39%
9/18/2017,18.02,18,18.06,17.95,1.13M,0.28%
9/19/2017,18.18,18.03,18.23,18.02,3.50M,0.89%
9/20/2017,18.28,18.23,18.32,18.18,1.62M,0.55%
9/21/2017,18.26,18.28,18.37,18.23,1.02M,-0.11%
9/22/2017,18.35,18.3,18.39,18.27,2.49M,0.49%
9/25/2017,18.47,18.36,18.48,18.36,1.37M,0.65%
9/26/2017,18.57,18.47,18.67,18.43,1.20M,0.54%
9/27/2017,18.69,18.61,18.72,18.56,1.76M,0.65%
9/28/2017,18.15,18.24,18.24,17.96,2.11M,-2.89%
9/29/2017,18.11,18.11,18.27,18.1,1.13M,-0.22%
10/2/2017,18.16,18.11,18.2,18.08,1.36M,0.28%
10/3/2017,18.21,18.17,18.21,18.11,1.03M,0.28%
10/4/2017,18.19,18.23,18.23,18.11,1.10M,-0.11%
10/5/2017,18.28,18.2,18.3,18.17,978.48K,0.49%
10/6/2017,18.2,18.25,18.25,18.1,770.74K,-0.44%
10/9/2017,18.21,18.2,18.28,18.18,943.53K,0.05%
10/10/2017,18.24,18.24,18.3,18.21,616.40K,0.16%
10/11/2017,18.27,18.25,18.31,18.24,572.17K,0.16%
10/12/2017,18.32,18.31,18.35,18.23,846.20K,0.27%
10/13/2017,18.32,18.35,18.35,18.25,835.14K,0.00%
10/16/2017,18.4,18.35,18.48,18.31,967.81K,0.44%
10/17/2017,18.42,18.42,18.47,18.41,618.75K,0.11%
10/18/2017,18.38,18.42,18.46,18.37,1.25M,-0.22%
10/19/2017,18.41,18.35,18.43,18.27,805.58K,0.16%
10/20/2017,18.44,18.46,18.46,18.35,646.99K,0.16%
10/23/2017,18.37,18.49,18.5,18.27,1.20M,-0.38%
10/24/2017,18.34,18.4,18.48,18.31,666.09K,-0.16%
10/25/2017,18.26,18.34,18.45,18.18,1.39M,-0.44%
10/26/2017,18.09,18.36,18.37,18.09,1.35M,-0.93%
10/27/2017,18.2,18.16,18.21,17.95,1.20M,0.61%
10/30/2017,18.11,18.1,18.2,18.04,1.15M,-0.49%
10/31/2017,18.07,18.09,18.22,18.06,1.43M,-0.22%
11/1/2017,18.09,18.08,18.2,18.04,990.58K,0.11%
11/2/2017,18.25,18.26,18.34,18.09,1.14M,0.88%
11/3/2017,18.35,18.25,18.41,18.22,753.76K,0.55%
11/6/2017,18.29,18.35,18.35,18.14,854.73K,-0.33%
11/7/2017,18.16,18.16,18.25,18.11,1.61M,-0.71%
11/8/2017,18.21,18.1,18.22,18.08,1.62M,0.28%
11/9/2017,18.21,18.13,18.29,18.09,798.26K,0.00%
11/10/2017,18.18,18.21,18.3,18.17,759.41K,-0.16%
11/13/2017,18.24,18.15,18.28,18.11,663.92K,0.33%
11/14/2017,18.31,18.26,18.31,18.21,713.39K,0.38%
11/15/2017,18.22,18.23,18.5,18.18,525.32K,-0.49%
11/16/2017,18.33,18.21,18.38,18.21,736.22K,0.60%
11/17/2017,18.41,18.22,18.41,18.22,849.28K,0.44%
11/20/2017,18.5,18.41,18.54,18.39,793.72K,0.49%
11/21/2017,18.6,18.5,18.61,18.48,975.82K,0.54%
11/22/2017,18.68,18.57,18.68,18.57,586.52K,0.43%
11/24/2017,18.59,18.7,18.72,18.56,360.35K,-0.48%
11/27/2017,18.49,18.65,18.65,18.48,689.20K,-0.54%
11/28/2017,18.56,18.49,18.57,18.44,1.01M,0.38%
11/29/2017,18.66,18.57,18.7,18.57,980.25K,0.54%
11/30/2017,18.65,18.74,18.74,18.59,1.43M,-0.05%
12/1/2017,18.6,18.62,18.62,18.35,1.32M,-0.27%
12/4/2017,18.57,18.74,18.76,18.53,1.16M,-0.16%
12/5/2017,18.57,18.59,18.64,18.52,534.64K,0.00%
12/6/2017,18.56,18.56,18.61,18.52,470.65K,-0.05%
12/7/2017,18.59,18.53,18.64,18.52,670.26K,0.16%
12/8/2017,18.68,18.59,18.68,18.54,854.77K,0.48%
12/11/2017,18.66,18.68,18.73,18.64,950.80K,-0.11%
12/12/2017,18.69,18.67,18.77,18.66,867.25K,0.16%
12/13/2017,18.7,18.66,18.8,18.63,1.09M,0.05%
12/14/2017,18.62,18.72,18.79,18.55,739.82K,-0.43%
12/15/2017,18.81,18.64,18.89,18.64,3.75M,1.02%
12/18/2017,18.79,18.87,18.93,18.74,922.74K,-0.11%
12/19/2017,18.54,18.83,18.84,18.54,1.15M,-1.33%
12/20/2017,18.61,18.6,18.68,18.59,851.70K,0.38%
12/21/2017,18.86,18.75,18.95,18.71,1.21M,1.34%
12/22/2017,18.89,18.89,18.91,18.82,1.31M,0.16%
12/26/2017,18.95,18.97,19.03,18.86,1.07M,0.32%
12/27/2017,19,18.98,19.06,18.95,1.13M,0.26%
12/28/2017,18.62,18.63,18.73,18.51,1.07M,-2.00%
12/29/2017,18.45,18.62,18.65,18.45,900.22K,-0.91%
1/2/2018,18.32,18.46,18.49,18.3,1.59M,-0.70%
1/3/2018,18.28,18.32,18.45,18.25,1.21M,-0.22%
1/4/2018,18.3,18.31,18.4,18.28,1.01M,0.11%
1/5/2018,18.2,18.28,18.34,18.13,1.68M,-0.55%
1/8/2018,18.34,18.17,18.36,18.11,2.39M,0.77%
1/9/2018,18.22,18.34,18.35,18.2,1.12M,-0.65%
1/10/2018,18.13,18.21,18.24,18.1,2.24M,-0.49%
1/11/2018,18.4,18.15,18.45,18.12,1.26M,1.49%
1/12/2018,18.32,18.4,18.43,18.27,1.14M,-0.43%
1/16/2018,18.29,18.39,18.49,18.29,2.59M,-0.16%
1/17/2018,18.4,18.36,18.47,18.35,1.11M,0.60%
1/18/2018,18.28,18.44,18.47,18.26,1.06M,-0.65%
1/19/2018,18.31,18.25,18.36,18.24,827.36K,0.16%
1/22/2018,18.39,18.35,18.41,18.3,572.00K,0.44%
1/23/2018,18.42,18.39,18.44,18.36,638.98K,0.16%
1/24/2018,18.45,18.45,18.49,18.38,880.14K,0.16%
1/25/2018,18.57,18.5,18.57,18.42,926.43K,0.65%
1/26/2018,18.41,18.58,18.58,18.38,715.82K,-0.86%
1/29/2018,18.31,18.39,18.43,18.28,882.81K,-0.54%
1/30/2018,18.32,18.27,18.4,18.27,934.76K,0.05%
1/31/2018,18.17,18.32,18.44,18.09,2.25M,-0.82%
2/1/2018,18.21,18.15,18.4,18.14,1.42M,0.22%
2/2/2018,18.14,18.15,18.25,18.09,1.75M,-0.38%
2/5/2018,17.8,18.09,18.11,17.56,2.47M,-1.87%
2/6/2018,17.89,17.7,18.02,17.65,2.82M,0.51%
2/7/2018,17.86,17.9,18.08,17.83,2.04M,-0.17%
2/8/2018,17.75,17.87,17.91,17.73,1.75M,-0.62%
2/9/2018,17.7,17.81,17.85,17.56,1.80M,-0.28%
2/12/2018,17.88,17.64,17.88,17.56,1.76M,1.02%
2/13/2018,17.92,17.88,17.93,17.72,1.53M,0.22%
2/14/2018,18.01,17.86,18.05,17.81,1.18M,0.50%
2/15/2018,18.32,18.01,18.34,18,2.17M,1.72%
2/16/2018,18.69,18.32,18.71,18.31,2.92M,2.02%
2/20/2018,18.45,18.67,18.69,18.43,1.85M,-1.28%
2/21/2018,18.47,18.48,18.59,18.45,1.59M,0.11%
2/22/2018,18.32,18.51,18.57,18.32,1.73M,-0.81%
2/23/2018,18.45,18.4,18.6,18.34,1.05M,0.71%
2/26/2018,18.5,18.5,18.57,18.44,807.19K,0.27%
2/27/2018,18.36,18.54,18.58,18.36,1.55M,-0.76%
2/28/2018,18.26,18.37,18.48,18.26,1.42M,-0.54%
3/1/2018,18.25,18.28,18.37,18.18,1.28M,-0.05%
3/2/2018,18.42,18.18,18.48,18.15,1.60M,0.93%
3/5/2018,18.49,18.42,18.62,18.41,1.94M,0.38%
3/6/2018,18.59,18.49,18.67,18.46,2.18M,0.54%
3/7/2018,18.59,18.5,18.68,18.48,1.75M,0.00%
3/8/2018,18.61,18.64,18.65,18.52,1.70M,0.11%
3/9/2018,18.63,18.71,18.71,18.51,1.48M,0.11%
3/12/2018,18.72,18.68,18.75,18.6,2.62M,0.48%
3/13/2018,18.61,18.75,18.81,18.61,2.02M,-0.59%
3/14/2018,18.55,18.09,18.58,18.07,21.12M,-0.32%
3/15/2018,18.44,18.55,18.57,18.4,2.36M,-0.59%
3/16/2018,18.47,18.43,18.54,18.41,2.40M,0.16%
3/19/2018,18.54,18.47,18.54,18.41,2.12M,0.38%
3/20/2018,18.48,18.54,18.62,18.47,1.91M,-0.32%
3/21/2018,18.5,18.47,18.56,18.45,1.45M,0.11%
3/22/2018,18.28,18.46,18.52,18.28,3.67M,-1.19%
3/23/2018,18.15,18.31,18.35,18.05,5.11M,-0.71%
3/26/2018,18.26,18.25,18.29,18.16,2.13M,0.61%
3/27/2018,18.26,18.28,18.29,18.16,1.75M,0.00%
3/28/2018,17.83,17.83,17.9,17.77,1.93M,-2.35%
3/29/2018,17.98,17.89,18.03,17.89,2.00M,0.84%
4/2/2018,17.81,17.98,17.98,17.75,2.30M,-0.95%
4/3/2018,17.88,17.84,17.91,17.76,1.71M,0.39%
4/4/2018,17.94,17.81,17.96,17.77,1.12M,0.34%
4/5/2018,18,17.95,18.03,17.88,1.29M,0.33%
4/6/2018,17.93,18,18.07,17.91,1.32M,-0.39%
4/9/2018,17.86,17.98,18.02,17.85,1.04M,-0.39%
4/10/2018,17.88,17.92,17.96,17.86,1.13M,0.11%
4/11/2018,17.88,17.88,17.95,17.82,1.03M,0.00%
4/12/2018,17.83,17.93,17.95,17.83,1.02M,-0.28%
4/13/2018,17.81,17.84,17.92,17.8,1.37M,-0.11%
4/16/2018,17.88,17.88,17.9,17.8,1.10M,0.39%
4/17/2018,17.89,17.9,17.93,17.85,1.39M,0.06%
4/18/2018,17.88,17.91,18.01,17.86,1.09M,-0.06%
4/19/2018,17.85,17.88,17.96,17.83,1.37M,-0.17%
4/20/2018,17.8,17.84,17.89,17.8,1.37M,-0.28%
4/23/2018,17.75,17.81,17.83,17.73,1.34M,-0.28%
4/24/2018,17.8,17.77,17.84,17.77,1.17M,0.28%
4/25/2018,17.82,17.78,17.86,17.71,687.52K,0.11%
4/26/2018,17.92,17.82,17.95,17.81,633.26K,0.56%
4/27/2018,17.96,17.92,17.99,17.87,653.60K,0.22%
4/30/2018,18.02,18,18.06,17.98,966.32K,0.33%
5/1/2018,18.03,18.03,18.04,17.92,988.02K,0.06%
5/2/2018,17.91,18.04,18.04,17.89,1.20M,-0.67%
5/3/2018,18.12,17.89,18.21,17.78,1.98M,1.17%
5/4/2018,18.12,18.1,18.2,18.1,2.99M,0.00%
5/7/2018,18.23,18.18,18.23,18.1,1.76M,0.61%
5/8/2018,18.12,18.21,18.23,18.03,1.47M,-0.60%
5/9/2018,18.14,18.12,18.2,18,1.30M,0.11%
5/10/2018,18.24,18.17,18.25,18.16,811.91K,0.55%
5/11/2018,18.26,18.26,18.31,18.22,827.95K,0.11%
5/14/2018,18.25,18.26,18.3,18.23,954.36K,-0.05%
5/15/2018,18.3,18.24,18.33,18.21,1.17M,0.27%
5/16/2018,18.37,18.3,18.43,18.29,912.50K,0.38%
5/17/2018,18.35,18.37,18.41,18.3,1.46M,-0.11%
5/18/2018,18.44,18.4,18.46,18.35,1.18M,0.49%
5/21/2018,18.54,18.44,18.54,18.42,854.71K,0.54%
5/22/2018,18.55,18.55,18.64,18.5,783.24K,0.05%
5/23/2018,18.61,18.6,18.64,18.54,535.49K,0.32%
5/24/2018,18.56,18.6,18.6,18.36,935.92K,-0.27%
5/25/2018,18.58,18.55,18.6,18.52,515.43K,0.11%
5/29/2018,18.64,18.56,18.68,18.54,1.02M,0.32%
5/30/2018,18.71,18.69,18.75,18.6,890.57K,0.38%
5/31/2018,18.59,18.7,18.7,18.58,1.11M,-0.64%
6/1/2018,18.72,18.66,18.73,18.59,1.31M,0.70%
6/4/2018,18.71,18.72,18.78,18.64,2.30M,-0.05%
6/5/2018,18.69,18.71,18.76,18.63,1.04M,-0.11%
6/6/2018,18.76,18.68,18.76,18.65,746.18K,0.37%
6/7/2018,18.75,18.8,18.8,18.69,804.13K,-0.05%
6/8/2018,18.83,18.76,18.87,18.74,703.05K,0.43%
6/11/2018,18.89,18.85,18.9,18.76,829.01K,0.32%
6/12/2018,18.81,18.88,18.89,18.78,1.49M,-0.42%
6/13/2018,18.72,18.84,18.9,18.67,1.10M,-0.48%
6/14/2018,18.8,18.78,18.85,18.71,789.02K,0.43%
6/15/2018,18.78,18.78,18.83,18.75,1.69M,-0.11%
6/18/2018,18.91,18.79,18.91,18.74,999.37K,0.69%
6/19/2018,18.89,18.88,18.96,18.82,1.13M,-0.11%
6/20/2018,18.9,18.89,18.96,18.86,839.05K,0.05%
6/21/2018,18.84,18.9,18.93,18.78,963.90K,-0.32%
6/22/2018,18.77,18.85,18.91,18.75,2.78M,-0.37%
6/25/2018,18.72,18.79,18.83,18.66,1.32M,-0.27%
6/26/2018,18.75,18.75,18.82,18.68,1.43M,0.16%
6/27/2018,18.58,18.77,18.77,18.58,1.51M,-0.91%
6/28/2018,18.33,18.13,18.35,18.1,1.67M,-1.35%
6/29/2018,18.28,18.33,18.37,18.2,1.15M,-0.27%
7/2/2018,18.4,18.26,18.42,18.25,1.08M,0.66%
7/3/2018,18.59,18.43,18.63,18.43,1.06M,1.03%
7/5/2018,18.76,18.6,18.78,18.57,1.13M,0.91%
7/6/2018,18.89,18.75,18.92,18.75,806.89K,0.69%
7/9/2018,18.85,18.93,18.95,18.83,1.07M,-0.21%
7/10/2018,18.85,18.88,18.91,18.82,771.61K,0.00%
7/11/2018,18.92,18.85,18.95,18.8,792.49K,0.37%
7/12/2018,18.83,18.92,18.95,18.83,814.75K,-0.48%
7/13/2018,18.7,18.82,18.87,18.67,735.74K,-0.69%
7/16/2018,18.66,18.75,18.77,18.64,841.31K,-0.21%
7/17/2018,18.7,18.77,18.77,18.63,739.32K,0.21%
7/18/2018,18.73,18.68,18.73,18.59,602.15K,0.16%
7/19/2018,18.86,18.7,18.89,18.7,660.95K,0.69%
7/20/2018,18.84,18.85,18.88,18.75,821.58K,-0.11%
7/23/2018,18.84,18.85,18.89,18.82,526.65K,0.00%
7/24/2018,18.85,18.87,18.87,18.74,975.66K,0.05%
7/25/2018,19.02,18.83,19.09,18.82,1.44M,0.90%
7/26/2018,18.84,18.96,18.98,18.6,1.41M,-0.95%
7/27/2018,18.85,18.84,18.89,18.77,1.14M,0.05%
7/30/2018,18.98,18.85,19.02,18.83,1.81M,0.69%
7/31/2018,19.09,18.97,19.1,18.91,1.75M,0.58%
8/1/2018,19.04,19.08,19.08,18.89,1.14M,-0.26%
8/2/2018,19.11,19.02,19.17,19.01,1.28M,0.37%
8/3/2018,18.97,19.12,19.16,18.93,814.34K,-0.73%
8/6/2018,18.98,18.99,19.02,18.91,586.72K,0.05%
8/7/2018,18.83,19.01,19.05,18.83,933.57K,-0.79%
8/8/2018,18.69,18.84,18.84,18.65,1.23M,-0.74%
8/9/2018,18.75,18.7,18.79,18.69,725.03K,0.32%
8/10/2018,18.68,18.75,18.76,18.67,1.11M,-0.37%
8/13/2018,18.76,18.69,18.77,18.65,991.74K,0.43%
8/14/2018,18.95,18.77,18.95,18.77,1.44M,1.01%
8/15/2018,19.05,18.96,19.17,18.94,1.15M,0.53%
8/16/2018,19.17,19.07,19.2,19.06,772.47K,0.63%
8/17/2018,19.24,19.18,19.25,19.14,839.45K,0.37%
8/20/2018,19.27,19.25,19.35,19.23,612.16K,0.16%
8/21/2018,19.44,19.28,19.5,19.27,873.72K,0.88%
8/22/2018,19.34,19.43,19.45,19.32,394.73K,-0.51%
8/23/2018,19.35,19.35,19.41,19.33,504.81K,0.05%
8/24/2018,19.35,19.39,19.39,19.32,540.94K,0.00%
8/27/2018,19.43,19.38,19.48,19.35,665.36K,0.41%
8/28/2018,19.35,19.43,19.46,19.3,576.45K,-0.41%
8/29/2018,19.43,19.38,19.5,19.38,496.30K,0.41%
8/30/2018,19.4,19.43,19.48,19.38,565.39K,-0.15%
8/31/2018,19.43,19.4,19.44,19.36,605.12K,0.15%
9/4/2018,19.42,19.43,19.57,19.36,856.46K,-0.05%
9/5/2018,19.52,19.45,19.54,19.41,840.17K,0.51%
9/6/2018,19.4,19.55,19.55,19.39,1.13M,-0.61%
9/7/2018,19.33,19.4,19.41,19.29,817.17K,-0.36%
9/10/2018,19.43,19.38,19.43,19.35,733.43K,0.52%
9/11/2018,19.44,19.38,19.49,19.38,500.60K,0.05%
9/12/2018,19.34,19.41,19.43,19.27,654.89K,-0.51%
9/13/2018,19.48,19.39,19.49,19.32,576.22K,0.72%
9/14/2018,19.47,19.48,19.56,19.37,658.21K,-0.05%
9/17/2018,19.39,19.49,19.49,19.33,881.55K,-0.41%
9/18/2018,19.35,19.38,19.39,19.27,869.57K,-0.21%
9/19/2018,19.16,19.36,19.38,19.16,978.04K,-0.98%
9/20/2018,19.22,19.2,19.22,19.02,849.77K,0.31%
9/21/2018,19.37,19.23,19.39,19.18,2.24M,0.78%
9/24/2018,19.34,19.4,19.42,19.18,901.45K,-0.15%
9/25/2018,19.36,19.38,19.38,19.27,774.61K,0.10%
9/26/2018,19.26,19.4,19.4,19.23,1.13M,-0.52%
9/27/2018,18.86,18.81,18.96,18.75,658.57K,-2.08%
9/28/2018,18.87,18.82,18.89,18.81,930.79K,0.05%
10/1/2018,18.67,18.87,18.89,18.66,1.00M,-1.06%
10/2/2018,18.66,18.66,18.68,18.25,2.18M,-0.05%
10/3/2018,18.89,18.75,18.98,18.71,1.66M,1.23%
10/4/2018,18.66,18.85,18.89,18.55,1.13M,-1.22%
10/5/2018,18.68,18.7,18.75,18.56,914.99K,0.11%
10/8/2018,18.85,18.66,18.89,18.66,492.69K,0.91%
10/9/2018,18.84,18.8,18.91,18.75,867.74K,-0.05%
10/10/2018,18.66,18.89,18.98,18.66,951.23K,-0.96%
10/11/2018,18.37,18.63,18.71,18.23,1.87M,-1.55%
10/12/2018,18.4,18.5,18.52,18.28,1.14M,0.16%
10/15/2018,18.65,18.42,18.74,18.35,807.95K,1.36%
10/16/2018,18.84,18.68,18.91,18.61,865.22K,1.02%
10/17/2018,18.87,18.84,18.9,18.76,637.27K,0.16%
10/18/2018,18.73,18.9,18.91,18.68,572.59K,-0.74%
10/19/2018,18.57,18.68,18.73,18.52,1.01M,-0.85%
10/22/2018,18.78,18.6,18.85,18.59,1.02M,1.13%
10/23/2018,18.51,18.7,18.76,18.45,1.03M,-1.44%
10/24/2018,18.48,18.45,18.62,18.39,1.43M,-0.16%
10/25/2018,18.66,18.45,18.74,18.34,994.85K,0.97%
10/26/2018,18.31,18.56,18.62,18.15,1.26M,-1.88%
10/29/2018,18.26,18.39,18.52,18.13,972.53K,-0.27%
10/30/2018,18.55,18.28,18.57,18.25,1.01M,1.59%
10/31/2018,18.71,18.61,18.85,18.58,1.48M,0.86%
11/1/2018,18.6,18.73,18.74,18.46,935.83K,-0.59%
11/2/2018,18.7,18.66,18.72,18.52,666.60K,0.54%
11/5/2018,18.67,18.72,18.79,18.61,641.80K,-0.16%
11/6/2018,18.74,18.67,18.75,18.59,750.00K,0.37%
11/7/2018,18.82,18.78,18.85,18.63,674.15K,0.43%
11/8/2018,18.8,18.82,18.89,18.72,563.39K,-0.11%
11/9/2018,18.9,18.8,18.94,18.74,463.79K,0.53%
11/12/2018,18.77,18.92,19,18.75,626.49K,-0.69%
11/13/2018,18.91,18.82,18.98,18.78,1.38M,0.75%
11/14/2018,18.56,18.94,18.94,18.47,1.09M,-1.85%
11/15/2018,18.55,18.51,18.56,18.38,1.53M,-0.05%
11/16/2018,18.6,18.5,18.65,18.4,1.03M,0.27%
11/19/2018,18.5,18.6,18.67,18.47,847.03K,-0.54%
11/20/2018,18.35,18.46,18.54,18.3,1.01M,-0.81%
11/21/2018,18.47,18.35,18.59,18.27,658.14K,0.65%
11/23/2018,18.51,18.44,18.59,18.36,351.87K,0.22%
11/26/2018,18.67,18.57,18.68,18.51,681.50K,0.86%
11/27/2018,18.79,18.67,18.82,18.66,1.08M,0.64%
11/28/2018,19.06,18.8,19.11,18.73,1.68M,1.44%
11/29/2018,19.04,18.96,19.09,18.86,1.17M,-0.10%
11/30/2018,18.94,19.02,19.06,18.81,1.40M,-0.53%
12/3/2018,19.1,18.98,19.13,18.83,1.55M,0.84%
12/4/2018,18.95,19.1,19.19,18.92,1.33M,-0.79%
12/6/2018,18.88,18.8,18.89,18.67,1.46M,-0.37%
12/7/2018,18.69,18.88,18.9,18.63,1.09M,-1.01%
12/10/2018,18.51,18.75,18.75,18.46,1.09M,-0.96%
12/11/2018,18.62,18.58,18.71,18.58,883.34K,0.59%
12/12/2018,18.71,18.74,18.84,18.64,740.05K,0.48%
12/13/2018,18.66,18.73,18.85,18.65,1.00M,-0.27%
12/14/2018,18.66,18.65,18.93,18.61,719.64K,0.00%
12/17/2018,18.05,18.64,18.68,17.98,2.20M,-3.27%
12/18/2018,18.09,18.15,18.37,18.04,1.47M,0.22%
12/19/2018,17.87,18.13,18.19,17.83,1.61M,-1.22%
12/20/2018,16.88,17.84,17.89,16.82,3.43M,-5.54%
12/21/2018,16.87,16.94,17.26,16.77,3.85M,-0.06%
12/24/2018,16.67,16.77,16.84,16.41,1.23M,-1.19%
12/26/2018,17.46,16.67,17.48,16.64,1.37M,4.74%
12/27/2018,17.29,17.33,17.38,16.96,2.00M,-0.97%
12/28/2018,16.83,16.94,17.05,16.75,1.81M,-2.66%
12/31/2018,16.66,16.83,16.86,16.52,1.77M,-1.01%
1/2/2019,16.8,16.52,16.82,16.43,1.10M,0.84%
1/3/2019,16.73,16.8,17,16.73,1.51M,-0.42%
1/4/2019,16.99,16.85,17.09,16.81,932.86K,1.55%
1/7/2019,17.12,17.07,17.32,16.98,1.76M,0.77%
1/8/2019,17.35,17.29,17.36,17.2,1.40M,1.34%
1/9/2019,17.5,17.44,17.51,17.34,1.58M,0.86%
1/10/2019,17.34,17.42,17.49,17.27,933.06K,-0.91%
1/11/2019,17.43,17.36,17.46,17.3,993.28K,0.52%
1/14/2019,17.42,17.4,17.55,17.39,890.34K,-0.06%
1/15/2019,17.52,17.41,17.55,17.39,940.27K,0.57%
1/16/2019,17.68,17.77,17.8,17.62,1.09M,0.91%
1/17/2019,17.77,17.63,17.77,17.59,1.16M,0.51%
1/18/2019,17.76,17.8,17.89,17.65,917.67K,-0.06%
1/22/2019,17.57,17.72,17.76,17.46,1.25M,-1.07%
1/23/2019,17.64,17.6,17.67,17.52,644.24K,0.40%
1/24/2019,17.71,17.64,17.74,17.58,702.94K,0.40%
1/25/2019,17.76,17.77,17.79,17.66,673.79K,0.28%
1/28/2019,17.77,17.75,17.82,17.69,882.49K,0.06%
1/29/2019,17.88,17.78,17.91,17.78,570.75K,0.62%
1/30/2019,18.01,17.9,18.07,17.8,703.24K,0.73%
1/31/2019,18.2,17.99,18.2,17.94,1.31M,1.05%
2/1/2019,18.11,18.2,18.21,17.97,949.50K,-0.49%
2/4/2019,18.35,18.13,18.35,18.06,826.79K,1.33%
2/5/2019,18.4,18.35,18.41,18.27,677.37K,0.27%
2/6/2019,18.38,18.4,18.42,18.24,773.46K,-0.11%
2/7/2019,18.46,18.34,18.5,18.34,1.08M,0.44%
2/8/2019,18.45,18.43,18.46,18.24,1.04M,-0.05%
2/11/2019,18.45,18.49,18.49,18.36,829.97K,0.00%
2/12/2019,18.42,18.46,18.51,18.39,1.06M,-0.16%
2/13/2019,18.4,18.44,18.49,18.31,1.06M,-0.11%
2/14/2019,17.9,18.05,18.22,17.8,2.54M,-2.72%
2/15/2019,17.9,17.94,17.99,17.81,1.59M,0.00%
2/19/2019,17.98,17.9,18.06,17.9,1.37M,0.45%
2/20/2019,18.05,17.93,18.05,17.84,790.19K,0.39%
2/21/2019,18.05,18.04,18.1,18.01,680.68K,0.00%
2/22/2019,18.14,18.07,18.17,18.05,908.40K,0.50%
2/25/2019,18.09,18.22,18.25,18.02,961.17K,-0.28%
2/26/2019,18.08,18.09,18.15,18.04,531.06K,-0.06%
2/27/2019,18.13,18.07,18.15,17.93,532.17K,0.28%
2/28/2019,18.16,18.13,18.35,18.1,1.09M,0.17%
3/1/2019,18.09,18.23,18.23,18.02,797.12K,-0.39%
3/4/2019,18.18,18.11,18.21,18.05,892.19K,0.50%
3/5/2019,18.22,18.16,18.28,18.14,571.01K,0.22%
3/6/2019,18.07,18.24,18.3,18.03,866.74K,-0.82%
3/7/2019,18.01,18.06,18.16,18,519.50K,-0.33%
3/8/2019,17.98,17.96,18.05,17.9,717.57K,-0.17%
3/11/2019,18.21,18.06,18.24,17.99,716.71K,1.28%
3/12/2019,18.22,18.24,18.3,18.2,795.33K,0.05%
3/13/2019,18.39,18.28,18.45,18.23,875.39K,0.93%
3/14/2019,18.41,18.35,18.45,18.35,816.99K,0.11%
3/15/2019,18.44,18.42,18.44,18.3,1.87M,0.16%
3/18/2019,18.57,18.44,18.62,18.39,1.14M,0.70%
3/19/2019,18.44,18.64,18.65,18.42,734.64K,-0.70%
3/20/2019,18.29,18.4,18.5,18.29,1.45M,-0.81%
3/21/2019,18.43,18.31,18.55,18.31,963.91K,0.77%
3/22/2019,18.36,18.39,18.46,18.35,977.42K,-0.38%
3/25/2019,18.34,18.37,18.5,18.3,1.12M,-0.11%
3/26/2019,18.53,18.43,18.56,18.39,1.04M,1.04%
3/27/2019,18.52,18.55,18.61,18.5,1.01M,-0.05%
3/28/2019,18.24,18.11,18.24,18.08,914.60K,-1.51%
3/29/2019,18.2,18.33,18.34,18.16,1.44M,-0.22%
4/1/2019,18.35,18.25,18.35,18.23,715.97K,0.82%
4/2/2019,18.28,18.37,18.37,18.25,550.14K,-0.38%
4/3/2019,18.26,18.34,18.35,18.23,706.95K,-0.11%
4/4/2019,18.35,18.29,18.36,18.26,457.90K,0.49%
4/5/2019,18.44,18.36,18.44,18.33,917.43K,0.49%
4/8/2019,18.46,18.41,18.46,18.38,814.54K,0.11%
4/9/2019,18.31,18.4,18.48,18.29,989.72K,-0.81%
4/10/2019,18.44,18.35,18.45,18.34,617.97K,0.71%
4/11/2019,18.52,18.49,18.55,18.45,513.43K,0.43%
4/12/2019,18.6,18.62,18.62,18.5,594.33K,0.43%
4/15/2019,18.52,18.61,18.61,18.46,555.58K,-0.43%
4/16/2019,18.41,18.59,18.6,18.34,1.73M,-0.59%
4/17/2019,18.5,18.4,18.52,18.37,608.35K,0.49%
4/18/2019,18.48,18.47,18.5,18.42,460.32K,-0.11%
4/22/2019,18.44,18.45,18.5,18.36,659.81K,-0.22%
4/23/2019,18.43,18.47,18.54,18.42,887.46K,-0.05%
4/24/2019,18.57,18.41,18.66,18.41,1.29M,0.76%
4/25/2019,18.64,18.66,18.73,18.48,1.21M,0.38%
4/26/2019,18.86,18.73,18.89,18.64,1.09M,1.18%
4/29/2019,18.76,18.88,18.89,18.72,1.50M,-0.53%
4/30/2019,18.74,18.79,18.79,18.6,895.78K,-0.11%
5/1/2019,18.78,18.77,18.89,18.75,1.31M,0.21%
5/2/2019,18.95,18.79,18.99,18.71,1.55M,0.91%
5/3/2019,19.05,19,19.19,18.98,1.26M,0.53%
5/6/2019,19.09,18.89,19.13,18.89,973.26K,0.21%
5/7/2019,19.05,19,19.15,18.95,759.49K,-0.21%
5/8/2019,19.01,19.01,19.09,18.98,642.80K,-0.21%
5/9/2019,18.53,18.15,18.56,18.01,17.15M,-2.52%
5/10/2019,18.63,18.52,18.75,18.47,3.11M,0.54%
5/13/2019,18.46,18.4,18.55,18.4,4.19M,-0.91%
5/14/2019,18.56,18.45,18.62,18.42,1.25M,0.54%
5/15/2019,18.66,18.53,18.71,18.51,1.14M,0.54%
5/16/2019,18.68,18.71,18.77,18.63,1.01M,0.11%
5/17/2019,18.52,18.61,18.66,18.52,1.61M,-0.86%
5/20/2019,18.56,18.57,18.71,18.52,1.43M,0.22%
5/21/2019,18.68,18.63,18.68,18.47,1.75M,0.65%
5/22/2019,18.57,18.69,18.75,18.52,806.24K,-0.59%
5/23/2019,18.64,18.5,18.64,18.48,1.17M,0.38%
5/24/2019,18.76,18.7,18.77,18.63,1.01M,0.64%
5/28/2019,18.6,18.75,18.79,18.59,930.05K,-0.85%
5/29/2019,18.53,18.59,18.6,18.48,833.74K,-0.38%
5/30/2019,18.45,18.57,18.61,18.39,842.51K,-0.43%
5/31/2019,18.38,18.28,18.47,18.23,1.95M,-0.38%
6/3/2019,18.57,18.34,18.61,18.34,1.06M,1.03%
6/4/2019,18.61,18.63,18.64,18.45,1.27M,0.22%
6/5/2019,18.64,18.65,18.67,18.54,922.25K,0.16%
6/6/2019,18.7,18.65,18.73,18.46,650.30K,0.32%
6/7/2019,18.62,18.7,18.71,18.57,851.15K,-0.43%
6/10/2019,18.66,18.7,18.76,18.64,897.56K,0.21%
6/11/2019,18.62,18.7,18.73,18.56,934.00K,-0.21%
6/12/2019,18.68,18.65,18.75,18.64,793.26K,0.32%
6/13/2019,18.74,18.73,18.82,18.69,1.48M,0.32%
6/14/2019,18.79,18.74,18.86,18.74,733.33K,0.27%
6/17/2019,18.68,18.82,18.9,18.68,1.26M,-0.59%
6/18/2019,18.79,18.75,18.86,18.72,900.89K,0.59%
6/19/2019,18.82,18.86,18.87,18.75,1.12M,0.16%
6/20/2019,18.86,18.88,18.92,18.8,1.34M,0.21%
6/21/2019,18.71,18.83,18.84,18.57,2.87M,-0.80%
6/24/2019,18.67,18.78,18.89,18.67,1.26M,-0.21%
6/25/2019,18.64,18.73,18.82,18.63,981.98K,-0.16%
6/26/2019,18.6,18.69,18.72,18.59,1.28M,-0.21%
6/27/2019,18.28,18.21,18.33,18.14,1.14M,-1.72%
6/28/2019,18.39,18.3,18.47,18.28,3.51M,0.60%
7/1/2019,18.27,18.45,18.52,18.26,1.26M,-0.65%
7/2/2019,18.35,18.3,18.38,18.25,963.40K,0.44%
7/3/2019,18.43,18.34,18.47,18.34,461.30K,0.44%
7/5/2019,18.44,18.4,18.45,18.29,579.03K,0.05%
7/8/2019,18.44,18.44,18.48,18.37,836.52K,0.00%
7/9/2019,18.53,18.43,18.53,18.36,1.19M,0.49%
7/10/2019,18.58,18.59,18.66,18.55,1.19M,0.27%
7/11/2019,18.66,18.61,18.72,18.6,896.41K,0.43%
7/12/2019,18.71,18.66,18.76,18.66,592.75K,0.27%
7/15/2019,18.64,18.78,18.78,18.63,613.61K,-0.37%
7/16/2019,18.67,18.67,18.76,18.66,667.42K,0.16%
7/17/2019,18.66,18.67,18.72,18.6,542.73K,-0.05%
7/18/2019,18.64,18.63,18.68,18.52,570.76K,-0.11%
7/19/2019,18.59,18.61,18.66,18.55,915.71K,-0.27%
7/22/2019,18.56,18.59,18.62,18.48,667.39K,-0.16%
7/23/2019,18.66,18.57,18.68,18.53,710.11K,0.54%
7/24/2019,18.5,18.66,18.68,18.46,1.32M,-0.86%
7/25/2019,18.68,18.8,18.9,18.65,1.63M,0.97%
7/26/2019,18.58,18.69,18.7,18.56,1.10M,-0.54%
7/29/2019,18.63,18.58,18.77,18.58,1.22M,0.27%
7/30/2019,18.77,18.62,18.8,18.61,1.30M,0.75%
7/31/2019,18.82,18.82,18.9,18.69,1.93M,0.27%
8/1/2019,18.83,18.82,18.92,18.75,1.42M,0.05%
8/2/2019,18.85,18.81,18.88,18.63,947.90K,0.11%
8/5/2019,18.36,18.72,18.79,18.29,1.64M,-2.60%
8/6/2019,18.61,18.42,18.63,18.41,845.73K,1.36%
8/7/2019,18.8,18.5,18.86,18.43,1.18M,1.02%
8/8/2019,19.02,18.87,19.06,18.83,1.07M,1.17%
8/9/2019,18.95,19,19.01,18.85,657.41K,-0.37%
8/12/2019,18.8,18.9,18.96,18.79,470.64K,-0.79%
8/13/2019,18.8,18.76,18.89,18.74,707.31K,0.00%
8/14/2019,18.36,18.75,18.75,18.36,1.49M,-2.34%
8/15/2019,18.54,18.42,18.64,18.41,990.73K,0.98%
8/16/2019,18.57,18.63,18.69,18.56,1.04M,0.16%
8/19/2019,18.91,18.7,18.93,18.62,1.26M,1.83%
8/20/2019,18.86,18.91,18.92,18.82,705.38K,-0.26%
8/21/2019,18.96,18.9,19.04,18.86,918.41K,0.53%
8/22/2019,18.88,19.01,19.03,18.82,809.83K,-0.42%
8/23/2019,18.67,18.85,18.91,18.62,775.12K,-1.11%
8/26/2019,18.78,18.73,18.8,18.69,769.07K,0.59%
8/27/2019,18.48,18.8,18.8,18.48,905.60K,-1.60%
8/28/2019,18.46,18.48,18.5,18.38,690.69K,-0.11%
8/29/2019,18.59,18.55,18.61,18.46,670.02K,0.70%
8/30/2019,18.55,18.65,18.65,18.54,1.14M,-0.22%
9/3/2019,18.69,18.52,18.72,18.49,953.34K,0.75%
9/4/2019,18.87,18.75,18.93,18.73,877.12K,0.96%
9/5/2019,18.99,18.93,19.08,18.93,1.01M,0.64%
9/6/2019,19.01,18.99,19.07,18.96,697.36K,0.11%
9/9/2019,19.33,19.04,19.36,19.01,1.30M,1.68%
9/10/2019,19.23,19.33,19.39,19.18,1.42M,-0.52%
9/11/2019,19.32,19.25,19.32,19.19,1.12M,0.47%
9/12/2019,19.35,19.32,19.4,19.22,655.60K,0.16%
9/13/2019,19.29,19.42,19.43,19.27,846.07K,-0.31%
9/16/2019,19.34,19.28,19.37,19.24,533.24K,0.26%
9/17/2019,19.42,19.34,19.45,19.3,731.45K,0.41%
9/18/2019,19.5,19.45,19.51,19.42,650.50K,0.41%
9/19/2019,19.55,19.55,19.76,19.54,1.41M,0.26%
9/20/2019,19.54,19.56,19.65,19.47,1.97M,-0.05%
9/23/2019,19.47,19.54,19.59,19.46,860.80K,-0.36%
9/24/2019,19.42,19.57,19.63,19.37,1.30M,-0.26%
9/25/2019,19.68,19.42,19.71,19.42,1.32M,1.34%
9/26/2019,19.65,19.68,19.74,19.61,628.68K,-0.15%
9/27/2019,19.13,19.22,19.29,19.11,725.77K,-2.65%
9/30/2019,19.17,19.21,19.25,19.13,882.62K,0.21%
10/1/2019,19.02,19.17,19.24,18.93,969.28K,-0.78%
10/2/2019,18.81,18.95,19.04,18.69,1.43M,-1.10%
10/3/2019,18.64,18.77,18.89,18.59,1.39M,-0.90%
10/4/2019,18.82,18.64,18.86,18.62,821.97K,0.97%
10/7/2019,18.87,18.83,18.92,18.76,941.31K,0.27%
10/8/2019,18.75,18.83,18.85,18.68,955.97K,-0.64%
10/9/2019,18.79,18.83,18.87,18.68,786.05K,0.21%
10/10/2019,18.81,18.83,18.92,18.79,776.40K,0.11%
10/11/2019,18.91,18.96,19.04,18.89,678.14K,0.53%
10/14/2019,18.86,18.9,18.92,18.83,474.76K,-0.26%
10/15/2019,18.97,18.94,19.07,18.89,1.02M,0.58%
10/16/2019,18.94,19,19.06,18.9,687.23K,-0.16%
10/17/2019,19.04,18.94,19.04,18.92,657.13K,0.53%
10/18/2019,19.03,18.9,19.07,18.9,1.23M,-0.05%
10/21/2019,19.11,19.03,19.15,19.03,931.49K,0.42%
10/22/2019,18.94,19.08,19.08,18.88,891.07K,-0.89%
10/23/2019,18.96,18.96,19,18.89,1.01M,0.11%
10/24/2019,18.45,19.02,19.02,18.37,2.53M,-2.69%
10/25/2019,18.16,18.42,18.48,18.14,1.92M,-1.57%
10/28/2019,18.16,18.17,18.29,18.1,1.44M,0.00%
10/29/2019,18.16,18.16,18.27,18.14,1.01M,0.00%
10/30/2019,18.13,18.16,18.18,18.06,929.67K,-0.17%
10/31/2019,18.3,18.13,18.31,18.08,1.65M,0.94%
11/1/2019,18.3,18.34,18.37,18.16,1.38M,0.00%
11/4/2019,18.23,18.32,18.39,18.15,1.31M,-0.38%
11/5/2019,18.22,18.23,18.31,18.12,2.33M,-0.05%
11/6/2019,18.18,18.22,18.3,18.1,1.17M,-0.22%
11/7/2019,18.05,18.18,18.24,18.02,901.62K,-0.72%
11/8/2019,18.04,18.04,18.1,17.97,1.08M,-0.06%
11/11/2019,18.02,18.01,18.09,18,663.72K,-0.11%
11/12/2019,18.01,18.03,18.07,17.96,835.14K,-0.06%
11/13/2019,17.9,18.01,18.03,17.84,1.10M,-0.61%
11/14/2019,17.89,17.86,17.94,17.82,801.34K,-0.06%
11/15/2019,17.91,17.9,17.94,17.83,946.48K,0.11%
11/18/2019,17.99,17.9,18.07,17.9,1.13M,0.45%
11/19/2019,18.05,18,18.1,18,848.28K,0.33%
11/20/2019,18,18,18.09,17.98,1.22M,-0.28%
11/21/2019,17.94,18.02,18.04,17.94,928.87K,-0.33%
11/22/2019,17.95,17.95,18.01,17.87,809.09K,0.06%
11/25/2019,18.1,17.85,18.15,17.85,1.15M,0.84%
11/26/2019,18.07,18.1,18.16,18.04,788.34K,-0.17%
11/27/2019,18.24,18.1,18.24,18.03,866.93K,0.94%
11/29/2019,18.27,18.2,18.32,18.2,527.14K,0.16%
12/2/2019,18.31,18.31,18.41,18.27,867.67K,0.22%
12/3/2019,18.34,18.27,18.37,18.21,768.24K,0.16%
12/4/2019,18.43,18.36,18.46,18.34,982.48K,0.49%
12/5/2019,18.41,18.5,18.5,18.38,1.22M,-0.11%
12/6/2019,18.53,18.41,18.62,18.41,1.03M,0.65%
12/9/2019,18.56,18.53,18.58,18.52,844.83K,0.16%
12/10/2019,18.55,18.56,18.58,18.52,817.93K,-0.05%
12/11/2019,18.42,18.52,18.57,18.4,598.83K,-0.70%
12/12/2019,18.43,18.45,18.51,18.38,790.65K,0.05%
12/13/2019,18.46,18.43,18.48,18.41,822.84K,0.16%
12/16/2019,18.56,18.57,18.68,18.55,2.30M,0.54%
12/17/2019,18.62,18.6,18.66,18.53,1.62M,0.32%
12/18/2019,18.6,18.65,18.69,18.51,1.17M,-0.11%
12/19/2019,18.67,18.56,18.68,18.56,1.16M,0.38%
12/20/2019,18.77,18.69,18.81,18.66,3.24M,0.54%
12/23/2019,18.75,18.81,18.83,18.7,910.35K,-0.11%
12/24/2019,18.7,18.79,18.83,18.66,751.94K,-0.27%
12/26/2019,18.82,18.73,18.9,18.73,820.96K,0.64%
12/27/2019,18.93,18.8,18.95,18.8,1.06M,0.58%
12/30/2019,18.26,18.5,18.53,18.23,1.09M,-3.54%
12/31/2019,18.29,18.24,18.4,18.23,1.04M,0.16%
1/2/2020,18.26,18.29,18.3,18.14,966.05K,-0.16%
1/3/2020,18.27,18.18,18.33,18.18,880.63K,0.05%
1/6/2020,18.25,18.22,18.32,18.16,988.63K,-0.11%
1/7/2020,18.19,18.23,18.25,18.17,744.88K,-0.33%
1/8/2020,18.03,18.17,18.24,18.01,1.50M,-0.88%
1/9/2020,18.13,18.04,18.15,18.03,1.06M,0.55%
1/10/2020,18.17,18.13,18.19,18.11,727.80K,0.22%
1/13/2020,18.15,18.16,18.18,18.1,1.24M,-0.11%
1/14/2020,18.23,18.15,18.27,18.11,1.81M,0.44%
1/15/2020,18.35,18.26,18.43,18.25,1.23M,0.66%
1/16/2020,18.43,18.45,18.46,18.4,680.00K,0.44%
1/17/2020,18.39,18.44,18.45,18.34,920.11K,-0.22%
1/21/2020,18.24,18.37,18.38,18.2,857.88K,-0.82%
1/22/2020,18.39,18.27,18.4,18.27,591.48K,0.82%
1/23/2020,18.46,18.4,18.46,18.29,962.82K,0.38%
1/24/2020,18.34,18.49,18.49,18.25,852.41K,-0.65%
1/27/2020,18.25,18.2,18.33,18.19,665.04K,-0.49%
1/28/2020,18.38,18.25,18.41,18.25,612.74K,0.71%
1/29/2020,18.37,18.39,18.42,18.29,799.59K,-0.05%
1/30/2020,18.39,18.3,18.41,18.29,478.19K,0.11%
1/31/2020,18.28,18.36,18.43,18.23,1.06M,-0.60%
2/3/2020,18.32,18.3,18.39,18.26,905.56K,0.22%
2/4/2020,18.45,18.4,18.54,18.31,841.19K,0.71%
2/5/2020,18.69,18.53,18.72,18.48,958.64K,1.30%
2/6/2020,18.6,18.72,18.76,18.6,1.07M,-0.48%
2/7/2020,18.49,18.58,18.59,18.43,1.03M,-0.59%
2/10/2020,18.46,18.49,18.52,18.41,825.28K,-0.16%
2/11/2020,18.4,18.51,18.53,18.38,775.57K,-0.33%
2/12/2020,18.47,18.41,18.54,18.41,1.03M,0.38%
2/13/2020,18.67,18.5,18.74,18.46,1.43M,1.08%
2/14/2020,18.4,18.18,18.45,18.03,3.96M,-1.45%
2/18/2020,18.42,18.26,18.5,18.19,2.02M,0.11%
2/19/2020,18.34,18.47,18.49,18.34,1.02M,-0.43%
2/20/2020,18.47,18.3,18.5,18.2,1.78M,0.71%
2/21/2020,18.27,18.46,18.47,18.24,1.30M,-1.08%
2/24/2020,17.95,18.05,18.18,17.89,2.01M,-1.75%
2/25/2020,17.56,18.05,18.05,17.36,2.86M,-2.17%
2/26/2020,17.42,17.56,17.86,17.39,2.47M,-0.80%
2/27/2020,16.69,17.2,17.27,16.59,3.61M,-4.19%
2/28/2020,16.2,16.43,16.43,15.79,6.93M,-2.94%
3/2/2020,17.02,16.21,17.02,16.21,1.88M,5.06%
3/3/2020,16.72,17.07,17.33,16.53,2.04M,-1.76%
3/4/2020,16.94,16.94,17.12,16.75,1.09M,1.32%
3/5/2020,16.42,16.63,16.71,16.33,1.48M,-3.07%
3/6/2020,16.35,16.03,16.37,15.57,3.44M,-0.43%
3/9/2020,14.4,15.44,15.57,14.35,2.07M,-11.93%
3/10/2020,14.56,15.17,15.17,13.97,1.66M,1.11%
3/11/2020,13.69,14.21,14.28,13.35,2.56M,-5.98%
3/12/2020,11.32,12.51,12.51,10.25,3.60M,-17.31%
3/13/2020,11.8,11.95,12.1,10.78,2.90M,4.24%
3/16/2020,8.47,10.5,10.69,8.47,3.38M,-28.22%
3/17/2020,9.07,8.62,9.44,7.59,5.33M,7.08%
3/18/2020,7.43,8.39,8.5,5.5,6.00M,-18.08%
3/19/2020,7.59,7.3,7.68,6.12,4.26M,2.15%
3/20/2020,6.99,7.79,8.11,6.91,3.64M,-7.91%
3/23/2020,6.23,6.94,7.17,5.97,3.30M,-10.87%
3/24/2020,4.24,6.49,6.5,4.12,7.59M,-31.94%
3/25/2020,7.42,5.19,8.33,4.8,10.46M,75.00%
3/26/2020,9.42,7.43,11.49,7.41,9.21M,26.95%
3/27/2020,8.94,9.16,9.65,8.61,3.47M,-5.10%
3/30/2020,7.25,8.28,8.29,7,3.32M,-18.90%
3/31/2020,7.42,6.9,7.85,6.8,2.71M,2.34%
4/1/2020,6.08,7.03,7.05,5.92,3.25M,-18.06%
4/2/2020,5.3,6.08,6.4,5.07,4.19M,-12.83%
4/3/2020,5.31,5.26,5.5,4.78,3.90M,0.19%
4/6/2020,5.97,5.84,6.37,5.54,4.20M,12.43%
4/7/2020,6.62,6.49,7.24,6.26,3.70M,10.89%
4/8/2020,7.84,6.97,8,6.97,3.42M,18.43%
4/9/2020,9.27,8.25,9.5,8.23,3.71M,18.24%
4/13/2020,8.91,9.15,9.31,8.25,1.99M,-3.88%
4/14/2020,8.55,9.34,9.52,8.16,2.46M,-4.04%
4/15/2020,8.11,8.4,8.45,7.73,3.35M,-5.15%
4/16/2020,7.79,8.1,8.4,7.66,2.37M,-3.95%
4/17/2020,8.32,8.18,8.53,7.91,1.61M,6.80%
4/20/2020,7.41,7.87,8.11,7.3,1.91M,-10.94%
4/21/2020,7.34,7.15,7.49,7.05,1.32M,-0.94%
4/22/2020,7.21,7.63,7.75,7.06,1.71M,-1.77%
4/23/2020,7.22,7.17,7.57,7.11,1.23M,0.14%
4/24/2020,7.16,7.27,7.33,6.88,1.13M,-0.83%
4/27/2020,7.34,7.16,7.57,7.01,1.36M,2.51%
4/28/2020,8.15,7.64,8.26,7.59,1.60M,11.04%
4/29/2020,8.92,8.61,9.14,8.4,2.08M,9.45%
4/30/2020,8.15,8.67,8.71,8.01,2.19M,-8.63%
5/1/2020,8.15,7.93,8.17,7.71,1.11M,0.00%
5/4/2020,7.75,7.85,8.08,7.54,1.45M,-4.91%
5/5/2020,7.82,7.96,8.27,7.78,1.23M,0.90%
5/6/2020,7.67,7.9,8.09,7.58,1.17M,-1.92%
5/7/2020,7.98,7.6,8.1,7.6,1.08M,4.04%
5/8/2020,7.8,8.12,8.3,7.67,1.67M,-2.26%
5/11/2020,7.53,7.64,7.82,7.2,2.37M,-3.46%
5/12/2020,7.37,7.6,7.86,7.35,2.52M,-2.12%
5/13/2020,6.87,7.28,7.28,6.71,2.47M,-6.78%
5/14/2020,7.12,6.66,7.14,6.29,2.36M,3.64%
5/15/2020,7.02,7.01,7.15,6.77,3.68M,-1.40%
5/18/2020,7.57,7.53,7.74,7.29,2.11M,7.83%
5/19/2020,7.77,7.5,8.09,7.45,2.21M,2.64%
5/20/2020,8.09,7.86,8.26,7.82,2.53M,4.12%
5/21/2020,8.11,8.1,8.34,7.89,1.61M,0.25%
5/22/2020,8.27,8.17,8.3,7.98,1.09M,1.97%
5/26/2020,8.54,8.83,8.89,8.4,1.43M,3.26%
5/27/2020,8.7,8.82,9,8.49,2.07M,1.87%
5/28/2020,8.45,8.84,9.06,8.4,2.57M,-2.87%
5/29/2020,8.23,8.32,8.53,8.14,2.40M,-2.60%
6/1/2020,8.68,8.15,8.91,8.04,2.13M,5.47%
6/2/2020,9.03,8.87,9.18,8.87,1.39M,4.03%
6/3/2020,9.65,9.17,9.79,9.17,1.39M,6.87%
6/4/2020,10.33,9.69,10.46,9.5,1.74M,7.05%
6/5/2020,10.93,11.36,11.84,10.8,2.03M,5.81%
6/8/2020,12.16,11.53,12.21,11.37,2.41M,11.25%
6/9/2020,11.1,11.62,11.78,10.87,2.40M,-8.72%
6/10/2020,10.61,11.01,11.13,10.34,1.45M,-4.41%
6/11/2020,9.15,9.65,9.99,8.92,2.86M,-13.76%
6/12/2020,9.84,9.82,9.94,9.21,1.25M,7.54%
6/15/2020,9.94,9.21,10.19,9.1,1.69M,1.02%
6/16/2020,10.15,10.66,10.67,9.92,1.15M,2.11%
6/17/2020,10.21,10.29,10.55,10.04,1.47M,0.59%
6/18/2020,10.05,10.02,10.26,9.87,916.79K,-1.57%
6/19/2020,9.83,10.09,10.21,9.61,3.02M,-2.19%
6/22/2020,9.75,9.7,9.8,9.51,996.77K,-0.81%
6/23/2020,10.1,9.98,10.12,9.88,1.52M,3.59%
6/24/2020,9.56,9.85,9.93,9.04,1.78M,-5.35%
6/25/2020,10.15,9.4,10.17,9.38,1.38M,6.17%
6/26/2020,9.94,10.1,10.14,9.55,2.60M,-2.07%
6/29/2020,9.86,9.65,9.92,9.37,1.52M,-0.80%
6/30/2020,9.81,9.8,9.91,9.54,1.49M,-0.51%
7/1/2020,9.5,9.86,10.17,9.48,1.43M,-3.16%
7/2/2020,9.35,9.77,9.83,9.23,1.17M,-1.58%
7/6/2020,9.48,9.48,9.79,9.36,925.44K,1.39%
7/7/2020,9.04,9.35,9.36,9.02,1.26M,-4.64%
7/8/2020,9.07,9.01,9.22,8.92,1.31M,0.33%
7/9/2020,8.76,9.01,9.06,8.67,1.52M,-3.42%
7/10/2020,9.14,8.68,9.16,8.67,1.38M,4.34%
7/13/2020,9.05,9.25,9.31,8.99,1.27M,-0.98%
7/14/2020,9.16,9,9.27,8.97,683.25K,1.22%
7/15/2020,9.7,9.55,9.83,9.38,1.27M,5.90%
7/16/2020,9.49,9.49,9.78,9.44,1.10M,-2.16%
7/17/2020,9.35,9.51,9.56,9.32,598.63K,-1.48%
7/20/2020,9.25,9.28,9.35,9.03,610.91K,-1.07%
7/21/2020,9.39,9.42,9.5,9.29,612.05K,1.51%
7/22/2020,9.63,9.34,9.66,9.34,745.68K,2.56%
7/23/2020,9.44,9.55,9.66,9.43,766.91K,-1.97%
7/24/2020,9.13,9.42,9.51,9.13,860.43K,-3.28%
7/27/2020,9.06,9.08,9.15,8.97,1.02M,-0.77%
7/28/2020,9.31,8.95,9.43,8.95,1.62M,2.76%
7/29/2020,9.37,9.32,9.39,9.19,742.99K,0.64%
7/30/2020,9.31,9.15,9.32,9.09,861.29K,-0.64%
7/31/2020,9.3,9.45,9.92,9.27,2.02M,-0.11%
8/3/2020,9.16,9.33,9.36,8.94,1.69M,-1.51%
8/4/2020,9.25,9.15,9.34,9.1,1.20M,0.98%
8/5/2020,9.49,9.33,9.52,9.19,1.50M,2.59%
8/6/2020,9.43,9.47,9.65,9.4,1.17M,-0.63%
8/7/2020,9.49,9.37,9.55,9.23,1.12M,0.64%
8/10/2020,9.8,9.53,9.98,9.53,1.31M,3.27%
8/11/2020,9.6,10,10.15,9.59,1.63M,-2.04%
8/12/2020,9.45,9.8,9.9,9.4,1.34M,-1.56%
8/13/2020,9.25,9.39,9.58,9.22,997.85K,-2.12%
8/14/2020,9.43,9.2,9.56,9.09,1.15M,1.95%
8/17/2020,9.41,9.4,9.47,9.31,674.74K,-0.21%
8/18/2020,9.27,9.41,9.49,9.25,829.56K,-1.49%
8/19/2020,9.2,9.26,9.36,9.16,846.58K,-0.76%
8/20/2020,9,9.1,9.22,9,773.86K,-2.17%
8/21/2020,8.95,8.92,9.06,8.85,1.04M,-0.56%
8/24/2020,9.38,8.99,9.4,8.87,886.84K,4.80%
8/25/2020,9.22,9.37,9.46,9.09,733.27K,-1.71%
8/26/2020,9,9.18,9.26,8.97,966.86K,-2.39%
8/27/2020,9.18,9,9.3,9,666.42K,2.00%
8/28/2020,9.28,9.25,9.31,9.12,626.63K,1.09%
8/31/2020,8.94,9.21,9.24,8.94,1.11M,-3.66%
9/1/2020,9.02,8.85,9.14,8.82,910.28K,0.89%
9/2/2020,9.03,8.99,9.08,8.91,839.80K,0.11%
9/3/2020,9.01,9.09,9.27,8.99,1.09M,-0.22%
9/4/2020,9.12,9.14,9.25,8.99,1.38M,1.22%
9/8/2020,8.91,9.03,9.19,8.91,1.52M,-2.30%
9/9/2020,9.04,8.9,9.1,8.81,1.45M,1.46%
9/10/2020,8.85,9.03,9.1,8.85,1.19M,-2.10%
9/11/2020,8.77,8.93,8.93,8.67,1.83M,-0.90%
9/14/2020,9.03,8.81,9.09,8.79,1.53M,2.96%
9/15/2020,8.97,9.05,9.11,8.96,1.01M,-0.66%
9/16/2020,9.21,9.02,9.42,8.96,1.62M,2.68%
9/17/2020,9.5,9.1,9.53,9.01,1.53M,3.15%
9/18/2020,9.46,9.55,9.64,9.32,4.90M,-0.42%
9/21/2020,8.97,9.3,9.3,8.96,1.58M,-5.18%
9/22/2020,8.95,9.01,9.15,8.94,1.09M,-0.22%
9/23/2020,8.53,8.98,9.09,8.53,1.49M,-4.69%
9/24/2020,8.74,8.53,8.94,8.41,1.83M,2.46%
9/25/2020,9.07,8.69,9.1,8.69,1.47M,3.78%
9/28/2020,9.4,9.18,9.57,9.17,1.45M,3.64%
9/29/2020,8.99,8.97,9.06,8.78,1.76M,-4.36%
9/30/2020,9.01,8.99,9.12,8.95,1.55M,0.22%
10/1/2020,9.16,9.02,9.16,8.95,1.11M,1.66%
10/2/2020,9.44,8.95,9.48,8.91,1.42M,3.06%
10/5/2020,9.46,9.52,9.62,9.43,893.19K,0.21%
10/6/2020,9.26,9.55,9.69,9.26,1.49M,-2.11%
10/7/2020,9.14,9.32,9.45,9.07,1.21M,-1.30%
10/8/2020,9.52,9.21,9.56,9.21,1.11M,4.16%
10/9/2020,9.24,9.56,9.62,9.22,981.53K,-2.94%
10/12/2020,9.29,9.21,9.32,9.12,802.21K,0.54%
10/13/2020,9.24,9.19,9.34,9.13,844.08K,-0.54%
10/14/2020,9.22,9.25,9.46,9.21,747.38K,-0.22%
10/15/2020,9.25,9.23,9.32,9.12,750.14K,0.33%
10/16/2020,9.14,9.2,9.26,9,823.33K,-1.19%
10/19/2020,8.89,9.14,9.14,8.89,1.22M,-2.74%
10/20/2020,8.88,8.94,9.09,8.87,1.16M,-0.11%
10/21/2020,8.89,8.83,8.98,8.76,955.34K,0.11%
10/22/2020,8.99,8.88,9.04,8.88,954.10K,1.12%
10/23/2020,9.18,9.01,9.22,9.01,678.27K,2.11%
10/26/2020,8.66,9.04,9.04,8.44,1.55M,-5.66%
10/27/2020,9.02,9,9.54,8.96,1.59M,4.16%
10/28/2020,8.48,8.7,8.81,8.36,1.76M,-5.99%
10/29/2020,8.63,8.41,8.7,8.32,1.37M,1.77%
10/30/2020,8.7,8.58,8.72,8.46,1.33M,0.81%
11/2/2020,9,8.85,9.16,8.75,1.00M,3.45%
11/3/2020,9.1,9.17,9.28,8.94,865.92K,1.11%
11/4/2020,8.79,9.01,9.11,8.73,1.20M,-3.41%
11/5/2020,8.86,8.84,8.99,8.79,1.02M,0.80%
11/6/2020,8.64,8.9,8.93,8.63,1.02M,-2.48%
11/9/2020,10.01,9.08,10.38,9.08,3.16M,15.86%
11/10/2020,11.06,10.08,11.21,10.04,2.73M,10.49%
11/11/2020,10.3,11.13,11.15,10.2,1.71M,-6.87%
11/12/2020,9.99,10.13,10.3,9.86,1.01M,-3.01%
11/13/2020,10.24,10.04,10.32,10.04,890.29K,2.50%
11/16/2020,10.75,10.72,10.95,10.59,1.42M,4.98%
11/17/2020,10.86,10.64,10.93,10.57,824.06K,1.02%
11/18/2020,10.73,10.93,11.17,10.72,1.27M,-1.20%
11/19/2020,10.84,10.67,10.85,10.5,652.13K,1.03%
11/20/2020,10.63,10.8,10.84,10.48,954.05K,-1.94%
11/23/2020,11.09,10.74,11.16,10.74,1.41M,4.33%
11/24/2020,11.41,11.35,11.7,11.32,1.58M,2.89%
11/25/2020,11.32,11.38,11.45,11.11,865.53K,-0.79%
11/27/2020,11.2,11.29,11.51,11.19,650.12K,-1.06%
11/30/2020,10.78,11.2,11.26,10.74,1.36M,-3.75%
12/1/2020,11.06,10.98,11.18,10.9,1.26M,2.60%
12/2/2020,11.27,11.07,11.36,10.98,987.24K,1.90%
12/3/2020,11.15,11.4,11.45,11.11,897.43K,-1.06%
12/4/2020,11.51,11.29,11.6,11.29,1.29M,3.23%
12/7/2020,11.24,11.47,11.51,11.15,1.30M,-2.35%
12/8/2020,11.36,11.16,11.42,11.14,755.16K,1.07%
12/9/2020,11.24,11.49,11.49,11.13,793.64K,-1.06%
12/10/2020,11.16,11.12,11.28,11.05,977.65K,-0.71%
12/11/2020,11.3,11.15,11.32,11.09,961.73K,1.25%
12/14/2020,11.5,11.31,11.6,11.24,1.96M,1.77%
12/15/2020,11.76,11.5,11.86,11.5,1.60M,2.26%
12/16/2020,11.73,11.75,11.83,11.61,1.31M,-0.26%
12/17/2020,11.74,11.8,11.85,11.47,1.17M,0.09%
12/18/2020,11.57,11.8,12.05,11.48,4.45M,-1.45%
12/21/2020,11.33,11.43,11.54,11.25,1.26M,-2.07%
12/22/2020,11.36,11.4,11.47,11.28,799.15K,0.26%
12/23/2020,11.49,11.39,11.7,11.32,1.38M,1.14%
12/24/2020,11.54,11.55,11.66,11.37,432.39K,0.44%
12/28/2020,11.63,11.55,11.8,11.55,1.02M,0.78%
12/29/2020,11.58,11.63,11.77,11.52,1.10M,-0.43%
12/30/2020,11.24,11.25,11.37,11.15,1.17M,-2.94%
12/31/2020,11.17,11.2,11.23,11.03,1.12M,-0.62%
1/4/2021,10.81,11.33,11.34,10.69,1.40M,-3.22%
1/5/2021,10.91,10.83,11,10.8,952.15K,0.93%
1/6/2021,11.56,11.11,11.72,11.1,1.96M,5.96%
1/7/2021,11.28,11.54,11.59,11.14,886.43K,-2.42%
1/8/2021,11.31,11.26,11.31,11.04,997.52K,0.27%
1/11/2021,11.25,11.22,11.45,11.19,737.91K,-0.53%
1/12/2021,11.36,11.27,11.38,11.2,719.83K,0.98%
1/13/2021,11.42,11.36,11.55,11.32,567.43K,0.53%
1/14/2021,11.71,11.51,11.74,11.41,781.28K,2.54%
1/15/2021,11.5,11.67,11.67,11.45,864.23K,-1.79%
1/19/2021,11.6,11.55,11.69,11.46,822.99K,0.87%
1/20/2021,11.78,11.61,11.81,11.61,637.90K,1.55%
1/21/2021,11.68,11.75,11.83,11.54,835.80K,-0.85%
1/22/2021,11.84,11.55,11.84,11.52,741.47K,1.37%
1/25/2021,11.9,11.75,11.94,11.6,732.57K,0.51%
1/26/2021,11.73,11.95,11.98,11.68,1.35M,-1.43%
1/27/2021,11.55,11.61,11.77,11.53,1.22M,-1.53%
1/28/2021,11.77,11.65,11.89,11.49,1.03M,1.90%
1/29/2021,11.18,11.71,11.73,11.18,1.95M,-5.01%
2/1/2021,11.49,11.25,11.5,11.02,981.04K,2.77%
2/2/2021,11.69,11.6,11.74,11.45,995.11K,1.74%
2/3/2021,11.5,11.69,11.73,11.47,980.60K,-1.63%
2/4/2021,11.84,11.59,11.94,11.58,1.19M,2.96%
2/5/2021,11.9,11.93,12.07,11.85,996.87K,0.51%
2/8/2021,12.17,11.94,12.18,11.94,682.35K,2.27%
2/9/2021,12.17,12.15,12.28,12.06,674.35K,0.00%
2/10/2021,12.39,12.29,12.46,12.21,804.84K,1.81%
2/11/2021,12.74,12.42,12.8,12.42,1.05M,2.82%
2/12/2021,12.87,12.8,12.98,12.7,776.89K,1.02%
2/16/2021,13.08,13,13.12,12.93,732.22K,1.63%
2/17/2021,12.75,13,13.15,12.65,801.26K,-2.52%
2/18/2021,12.56,12.7,12.95,12.55,854.05K,-1.49%
2/19/2021,12.89,12.61,12.92,12.61,651.30K,2.63%
2/22/2021,13.07,12.85,13.13,12.77,940.32K,1.40%
2/23/2021,13.03,13.07,13.15,12.81,793.22K,-0.31%
2/24/2021,13.61,13.09,13.66,13.09,790.54K,4.45%
2/25/2021,13.04,13.66,13.86,13,867.34K,-4.19%
2/26/2021,13.29,13.11,13.45,12.96,1.06M,1.92%
3/1/2021,13.55,13.5,13.79,13.49,748.64K,1.96%
3/2/2021,13.66,13.55,13.74,13.25,1.03M,0.81%
3/3/2021,13.83,13.7,14.1,13.65,780.98K,1.24%
3/4/2021,13.47,13.83,13.91,13.16,1.17M,-2.60%
3/5/2021,13.75,13.69,13.81,13.08,1.16M,2.08%
3/8/2021,14.13,13.87,14.31,13.82,1.20M,2.76%
3/9/2021,13.91,14.13,14.13,13.81,863.01K,-1.56%
3/10/2021,14.21,13.94,14.32,13.91,900.12K,2.16%
3/11/2021,14.32,14.4,14.48,14.14,737.98K,0.77%
3/12/2021,14.65,14.42,14.74,14.42,1.04M,2.30%
3/15/2021,14.76,14.65,14.76,14.55,870.55K,0.75%
3/16/2021,14.54,14.65,14.75,14.42,835.20K,-1.49%
3/17/2021,14.97,14.62,14.97,14.56,760.04K,2.96%
3/18/2021,14.56,15,15.11,14.49,975.61K,-2.74%
3/19/2021,14.63,14.59,14.94,14.28,2.97M,0.48%
3/22/2021,14.47,14.67,14.67,14.32,1.12M,-1.09%
3/23/2021,14.04,14.33,14.47,13.97,821.95K,-2.97%
3/24/2021,13.98,14.21,14.64,13.98,1.56M,-0.43%
3/25/2021,14.21,13.94,14.34,13.67,1.32M,1.65%
3/26/2021,14.51,14.4,14.55,14.17,997.52K,2.11%
3/29/2021,14.21,14.5,14.65,14.21,1.16M,-2.07%
3/30/2021,14.21,13.99,14.24,13.91,801.21K,0.00%
3/31/2021,13.97,14.12,14.26,13.96,1.46M,-1.69%
4/1/2021,14.21,14.01,14.22,13.86,625.13K,1.72%
4/5/2021,14.13,14.28,14.33,13.99,635.94K,-0.56%
4/6/2021,14.09,14.15,14.22,14.07,521.29K,-0.28%
4/7/2021,14.12,14.13,14.21,14.03,503.14K,0.21%
4/8/2021,14.4,14.11,14.4,14,802.46K,1.98%
4/9/2021,14.48,14.4,14.48,14.31,772.98K,0.56%
4/12/2021,14.61,14.5,14.66,14.41,766.81K,0.90%
4/13/2021,14.7,14.56,14.78,14.46,588.65K,0.62%
4/14/2021,14.86,14.7,14.96,14.69,702.28K,1.09%
4/15/2021,14.98,14.99,14.99,14.72,644.89K,0.81%
4/16/2021,14.95,15,15.17,14.95,853.78K,-0.20%
4/19/2021,14.63,14.95,14.97,14.57,757.05K,-2.14%
4/20/2021,14.6,14.59,14.63,14.27,921.80K,-0.21%
4/21/2021,14.98,14.6,14.98,14.44,950.56K,2.60%
4/22/2021,14.81,14.97,15.05,14.78,752.99K,-1.13%
4/23/2021,15.11,14.88,15.29,14.85,929.50K,2.03%
4/26/2021,14.96,15.21,15.35,14.93,770.78K,-0.99%
4/27/2021,15.25,14.96,15.28,14.93,863.98K,1.94%
4/28/2021,15.25,15.36,15.41,15.2,1.30M,0.00%
4/29/2021,15.37,15.31,15.54,15.19,1.50M,0.79%
4/30/2021,15.21,15.25,15.3,15.12,895.15K,-1.04%
5/3/2021,15.37,15.35,15.44,15.25,1.13M,1.05%
5/4/2021,15.08,15.37,15.4,15,973.49K,-1.89%
5/5/2021,15.24,15.09,15.35,14.94,733.77K,1.06%
5/6/2021,15.32,15.23,15.33,15.03,812.03K,0.52%
5/7/2021,15.29,15.24,15.43,15.22,713.18K,-0.20%
5/10/2021,15.05,15.37,15.44,15.04,1.00M,-1.57%
5/11/2021,14.91,14.86,14.95,14.65,725.53K,-0.93%
5/12/2021,14.34,14.88,14.91,14.31,1.16M,-3.82%
5/13/2021,14.93,14.4,14.99,14.34,981.61K,4.11%
5/14/2021,15.2,15,15.21,14.97,672.00K,1.81%
5/17/2021,15.2,15.09,15.24,14.91,558.99K,0.00%
5/18/2021,14.95,15.23,15.26,14.95,1.51M,-1.64%
5/19/2021,15.05,14.85,15.1,14.72,971.17K,0.67%
5/20/2021,15.37,15.06,15.44,15,719.99K,2.13%
5/21/2021,15.35,15.44,15.5,15.26,599.82K,-0.13%
5/24/2021,15.41,15.4,15.5,15.23,661.07K,0.39%
5/25/2021,15.21,15.44,15.58,15.19,834.21K,-1.30%
5/26/2021,15.52,15.23,15.57,15.18,746.21K,2.04%
5/27/2021,15.54,15.63,15.69,15.52,531.45K,0.13%
5/28/2021,15.65,15.6,15.7,15.51,485.56K,0.71%
6/1/2021,15.92,15.53,15.98,15.3,1.02M,1.73%
6/2/2021,15.9,16.06,16.07,15.81,726.14K,-0.13%
6/3/2021,16,15.85,16,15.77,562.54K,0.63%
6/4/2021,16.04,16.05,16.1,15.74,919.26K,0.25%
6/7/2021,16.5,16.06,16.55,16.05,1.05M,2.87%
6/8/2021,16.61,16.5,16.75,16.47,1.22M,0.67%
6/9/2021,16.53,16.62,16.74,16.49,988.68K,-0.48%
6/10/2021,16.35,16.72,16.75,16.35,715.16K,-1.09%
6/11/2021,16.56,16.41,16.57,16.26,545.95K,1.28%
6/14/2021,16.54,16.69,16.81,16.49,614.72K,-0.12%
6/15/2021,16.49,16.57,16.59,16.35,686.60K,-0.30%
6/16/2021,16.78,16.5,16.94,16.47,993.95K,1.76%
6/17/2021,16.44,16.82,16.9,16.26,868.76K,-2.03%
6/18/2021,15.9,16.27,16.27,15.71,2.12M,-3.28%
6/21/2021,16.44,15.92,16.48,15.91,683.31K,3.40%
6/22/2021,16.4,16.43,16.5,16.22,569.12K,-0.24%
6/23/2021,16.33,16.45,16.58,16.33,986.97K,-0.43%
6/24/2021,16.59,16.41,16.64,16.31,717.58K,1.59%
6/25/2021,16.52,16.61,16.71,16.5,1.73M,-0.42%
6/28/2021,16.36,16.52,16.52,16.07,805.12K,-0.97%
6/29/2021,15.84,16,16.15,15.84,583.60K,-3.18%
6/30/2021,15.95,15.8,16.01,15.74,679.37K,0.69%
7/1/2021,16.01,16.01,16.13,15.9,595.95K,0.38%
7/2/2021,15.81,16.05,16.05,15.79,484.94K,-1.25%
7/6/2021,15.61,15.83,15.87,15.41,767.35K,-1.27%
7/7/2021,15.36,15.62,15.65,15.24,746.87K,-1.60%
7/8/2021,14.97,15.15,15.35,14.78,1.43M,-2.54%
7/9/2021,15.69,15.1,15.7,15.1,884.02K,4.81%
7/12/2021,15.8,15.7,15.81,15.46,597.63K,0.70%
7/13/2021,15.44,15.71,15.72,15.38,685.86K,-2.28%
7/14/2021,15.21,15.42,15.65,15.09,802.40K,-1.49%
7/15/2021,15.29,15.21,15.47,15.1,1.42M,0.53%
7/16/2021,15.3,15.44,15.56,15.13,994.98K,0.07%
7/19/2021,14.95,14.98,15.14,14.6,1.42M,-2.29%
7/20/2021,15.46,14.98,15.6,14.93,1.32M,3.41%
7/21/2021,15.78,15.55,15.9,15.55,1.09M,2.07%
7/22/2021,15.38,15.73,15.81,15.35,639.53K,-2.53%
7/23/2021,15.52,15.53,15.65,15.32,629.76K,0.91%
7/26/2021,15.65,15.59,15.92,15.59,746.27K,0.84%
7/27/2021,15.42,15.53,15.54,15.18,663.47K,-1.47%
7/28/2021,15.46,15.48,15.64,15.28,704.20K,0.26%
7/29/2021,15.38,15.54,15.76,15.33,1.67M,-0.52%
7/30/2021,15.22,15.44,15.67,15.09,1.00M,-1.04%
8/2/2021,15.08,15.24,15.51,15.06,816.42K,-0.92%
8/3/2021,15.35,15.14,15.41,14.81,1.33M,1.79%
8/4/2021,15.01,15.22,15.34,15.01,735.93K,-2.21%
8/5/2021,15.32,15.1,15.35,15.1,527.25K,2.07%
8/6/2021,15.39,15.48,15.61,15.28,420.70K,0.46%
8/9/2021,15.13,15.32,15.39,15.12,390.76K,-1.69%
8/10/2021,15.38,15.13,15.4,15.04,609.43K,1.65%
8/11/2021,15.4,15.4,15.41,15.22,467.14K,0.13%
8/12/2021,15.28,15.4,15.4,15.21,559.47K,-0.78%
8/13/2021,15.25,15.26,15.33,15.2,654.93K,-0.20%
8/16/2021,15.1,15.2,15.2,15.02,501.95K,-0.98%
8/17/2021,15.18,15,15.19,14.88,821.48K,0.53%
8/18/2021,15.02,15.07,15.3,15.01,727.39K,-1.05%
8/19/2021,14.74,14.82,14.88,14.63,885.43K,-1.86%
8/20/2021,14.98,14.66,14.98,14.6,612.00K,1.63%
8/23/2021,15.13,15.08,15.16,15,452.00K,1.00%
8/24/2021,15.21,15.24,15.29,15.14,509.75K,0.53%
8/25/2021,15.38,15.15,15.48,15.12,633.19K,1.12%
8/26/2021,15.07,15.35,15.45,15.06,506.72K,-2.02%
8/27/2021,15.55,15.1,15.59,15.1,731.25K,3.19%
8/30/2021,15.44,15.6,15.6,15.36,522.82K,-0.71%
8/31/2021,15.55,15.44,15.64,15.44,443.85K,0.71%
9/1/2021,15.62,15.58,15.72,15.47,553.74K,0.45%
9/2/2021,15.5,15.68,15.68,15.46,467.23K,-0.77%
9/3/2021,15.49,15.45,15.49,15.36,467.09K,-0.06%
9/7/2021,15.41,15.5,15.62,15.34,695.62K,-0.52%
9/8/2021,15.12,15.35,15.4,15.11,965.51K,-1.88%
9/9/2021,15.2,15.1,15.41,15.06,504.94K,0.53%
9/10/2021,14.81,15.2,15.27,14.81,789.25K,-2.57%
9/13/2021,15.02,14.94,15.04,14.81,558.39K,1.42%
9/14/2021,14.97,15.11,15.11,14.87,553.09K,-0.33%
9/15/2021,15.19,14.96,15.21,14.93,542.95K,1.47%
9/16/2021,15.13,15.19,15.26,15.11,414.56K,-0.39%
9/17/2021,15.22,15.21,15.29,15.09,1.68M,0.59%
9/20/2021,14.89,14.95,15.05,14.66,1.29M,-2.17%
9/21/2021,14.88,14.92,15.08,14.86,758.80K,-0.07%
9/22/2021,15.14,14.97,15.3,14.95,590.51K,1.75%
9/23/2021,15.26,15.2,15.32,15.2,591.15K,0.79%
9/24/2021,15.26,15.25,15.32,15.17,648.70K,0.00%
9/27/2021,15.42,15.35,15.66,15.32,793.56K,1.05%
9/28/2021,15.34,15.45,15.5,15.26,960.52K,-0.52%
9/29/2021,15,15,15.08,14.85,685.85K,-2.22%
9/30/2021,14.83,15.09,15.14,14.83,775.91K,-1.13%
10/1/2021,15.13,14.92,15.24,14.83,868.79K,2.02%
10/4/2021,15.07,15.17,15.34,15.05,596.60K,-0.40%
10/5/2021,15.15,15.08,15.22,14.95,531.70K,0.53%
10/6/2021,15.16,15.01,15.17,14.86,452.04K,0.07%
10/7/2021,15.15,15.21,15.38,15.09,677.70K,-0.07%
10/8/2021,15.12,15.13,15.25,15.08,269.45K,-0.20%
10/11/2021,15.11,15.15,15.28,15.03,336.26K,-0.07%
10/12/2021,15.28,15.17,15.5,15.09,653.60K,1.13%
10/13/2021,15.36,15.28,15.38,15.16,405.56K,0.52%
10/14/2021,15.43,15.4,15.55,15.38,488.44K,0.46%
10/15/2021,15.32,15.66,15.98,15.32,682.72K,-0.71%
10/18/2021,15.38,15.28,15.44,15.23,468.59K,0.39%
10/19/2021,15.32,15.44,15.44,15.28,430.60K,-0.39%
10/20/2021,15.53,15.27,15.61,15.26,485.33K,1.37%
10/21/2021,15.49,15.55,15.7,15.41,685.20K,-0.26%
10/22/2021,15.5,15.56,15.62,15.41,548.25K,0.06%
10/25/2021,15.57,15.5,15.65,15.49,582.74K,0.45%
10/26/2021,15.04,15.51,15.51,14.92,1.50M,-3.40%
10/27/2021,14.97,15,15.15,14.94,780.09K,-0.47%
10/28/2021,15.17,15.05,15.2,14.95,741.39K,1.34%
10/29/2021,15.14,15.15,15.16,15.01,824.80K,-0.20%
11/1/2021,15.47,15.17,15.47,15.15,1.04M,2.18%
11/2/2021,15.1,15.46,15.46,15.02,738.68K,-2.39%
11/3/2021,15.3,15.05,15.39,15.05,945.35K,1.32%
11/4/2021,15.16,15.33,15.4,15.03,672.27K,-0.92%
11/5/2021,15.64,15.3,15.64,15.28,1.42M,3.17%
11/8/2021,15.53,15.69,15.76,15.4,833.41K,-0.70%
11/9/2021,15.47,15.5,15.61,15.4,737.58K,-0.39%
11/10/2021,15.3,15.46,15.58,15.26,834.03K,-1.10%
11/11/2021,15.43,15.32,15.45,15.3,411.47K,0.85%
11/12/2021,15.13,15.4,15.4,15.07,1.07M,-1.94%
11/15/2021,14.86,15.15,15.25,14.71,2.38M,-1.78%
11/16/2021,14.56,14.86,14.98,14.42,2.41M,-2.02%
11/17/2021,14.34,14.55,14.59,14.08,3.04M,-1.51%
11/18/2021,14.26,14.39,14.42,14.03,1.05M,-0.56%
11/19/2021,14.2,14.13,14.3,14.06,882.54K,-0.42%
11/22/2021,14.06,14.3,14.39,14.06,811.70K,-0.99%
11/23/2021,14.19,14.1,14.23,13.98,903.74K,0.92%
11/24/2021,14.2,14.17,14.27,14.1,383.21K,0.07%
11/26/2021,14.01,14,14.08,13.53,1.14M,-1.34%
11/29/2021,13.91,14.17,14.17,13.76,1.08M,-0.71%
11/30/2021,13.53,13.76,13.78,13.43,1.33M,-2.73%
12/1/2021,13.35,13.8,14.01,13.34,1.38M,-1.33%
12/2/2021,13.79,13.5,13.86,13.39,1.00M,3.30%
12/3/2021,13.56,13.94,13.94,13.52,1.21M,-1.67%
12/6/2021,14.01,13.83,14.16,13.72,1.27M,3.32%
12/7/2021,14.02,14.1,14.2,13.98,974.77K,0.07%
12/8/2021,13.94,14.06,14.13,13.94,1.15M,-0.57%
12/9/2021,13.72,13.9,13.9,13.65,931.61K,-1.58%
12/10/2021,13.42,13.83,13.84,13.34,1.27M,-2.19%
12/13/2021,13.09,13.31,13.31,12.93,1.50M,-2.46%
12/14/2021,12.87,13.12,13.26,12.86,1.03M,-1.68%
12/15/2021,13.15,12.9,13.15,12.76,1.32M,2.18%
12/16/2021,13.01,13.35,13.37,12.9,1.33M,-1.06%
12/17/2021,12.98,12.93,13.14,12.79,2.66M,-0.23%
12/20/2021,12.65,12.85,12.88,12.44,1.54M,-2.54%
12/21/2021,13.26,12.76,13.32,12.76,1.06M,4.82%
12/22/2021,13.38,13.21,13.45,13.16,972.65K,0.90%
12/23/2021,13.46,13.4,13.6,13.37,644.23K,0.60%
12/27/2021,13.46,13.46,13.5,13.21,898.17K,0.00%
12/28/2021,13.5,13.46,13.68,13.42,736.74K,0.30%
12/29/2021,13.55,13.51,13.58,13.4,972.23K,0.37%
12/30/2021,13.05,13.17,13.31,13.04,1.61M,-3.69%
12/31/2021,13.16,13.08,13.22,13.06,1.11M,0.84%
1/3/2022,13.32,13.27,13.5,13.27,1.74M,1.22%
1/4/2022,13.44,13.41,13.64,13.39,885.36K,0.90%
1/5/2022,13.49,13.53,13.68,13.43,1.04M,0.37%
1/6/2022,13.52,13.59,13.73,13.49,709.92K,0.22%
1/7/2022,13.71,13.57,13.77,13.5,957.93K,1.41%
1/10/2022,13.66,13.68,13.84,13.59,1.21M,-0.36%
1/11/2022,13.89,13.61,13.89,13.59,804.94K,1.68%
1/12/2022,13.77,13.89,13.97,13.7,1.08M,-0.86%
1/13/2022,13.94,13.88,14.14,13.87,877.19K,1.23%
1/14/2022,14.02,13.84,14.02,13.77,754.63K,0.57%
1/18/2022,13.95,14.05,14.26,13.94,1.31M,-0.50%
1/19/2022,13.8,13.96,14.13,13.79,881.98K,-1.08%
1/20/2022,13.47,13.78,13.94,13.47,1.41M,-2.39%
1/21/2022,13.28,13.45,13.56,13.26,1.61M,-1.41%
1/24/2022,13.2,13.11,13.27,12.66,1.45M,-0.60%
1/25/2022,13.38,13.04,13.51,12.89,1.31M,1.36%
1/26/2022,13.28,13.46,13.68,13.16,969.55K,-0.75%
1/27/2022,13.15,13.36,13.56,13.06,952.14K,-0.98%
1/28/2022,13.29,13.12,13.29,12.86,1.58M,1.06%
1/31/2022,13.65,13.21,13.67,13.19,1.98M,2.71%
2/1/2022,13.61,13.65,13.71,13.39,1.70M,-0.29%
2/2/2022,13.45,13.65,13.69,13.34,1.07M,-1.18%
2/3/2022,13.22,13.35,13.47,13.21,1.53M,-1.71%
2/4/2022,13.2,13.19,13.35,13.04,1.29M,-0.15%
2/7/2022,13.28,13.28,13.43,13.15,893.10K,0.61%
2/8/2022,13.26,13.31,13.37,13.16,1.71M,-0.15%
2/9/2022,13.2,13.37,13.59,13.18,1.89M,-0.45%
2/10/2022,12.8,13.22,13.4,12.76,2.40M,-3.03%
2/11/2022,12.66,12.8,13.02,12.51,1.74M,-1.09%
2/14/2022,12.91,12.8,13,12.8,2.68M,1.97%
2/15/2022,13.2,13.07,13.24,12.95,1.34M,2.25%
2/16/2022,13.38,13.2,13.4,13.18,1.03M,1.36%
2/17/2022,13.38,13.27,13.38,13.18,1.85M,0.00%
2/18/2022,13.47,13.4,13.6,13.36,1.95M,0.67%
2/22/2022,12.88,13.45,13.47,12.81,1.73M,-4.38%
2/23/2022,12.56,12.94,12.95,12.56,1.32M,-2.48%
2/24/2022,12.77,12.25,12.85,12.1,1.50M,1.67%
2/25/2022,13.01,12.81,13.09,12.81,977.54K,1.88%
2/28/2022,13.05,12.89,13.09,12.8,1.28M,0.31%
3/1/2022,13,13.06,13.1,12.73,1.17M,-0.38%
3/2/2022,13.38,13.02,13.4,13.01,778.45K,2.92%
3/3/2022,13.45,13.47,13.47,13.25,840.87K,0.52%
3/4/2022,13.34,13.29,13.35,13.1,893.13K,-0.82%
3/7/2022,12.94,13.32,13.32,12.94,1.22M,-3.00%
3/8/2022,13.16,12.99,13.37,12.96,947.89K,1.70%
3/9/2022,13.24,13.4,13.48,13.21,1.01M,0.61%
3/10/2022,13.28,13.08,13.28,13.03,573.69K,0.30%
3/11/2022,13.39,13.34,13.49,13.28,607.27K,0.83%
3/14/2022,13.44,13.53,13.6,13.34,889.71K,0.37%
3/15/2022,13.5,13.54,13.66,13.39,711.60K,0.45%
3/16/2022,13.67,13.55,13.7,13.41,995.96K,1.26%
3/17/2022,13.76,13.56,13.79,13.55,589.39K,0.66%
3/18/2022,13.93,13.78,13.98,13.61,1.89M,1.24%
3/21/2022,13.99,13.93,14.11,13.9,970.23K,0.43%
3/22/2022,14.06,14.06,14.21,14.01,991.62K,0.50%
3/23/2022,13.94,14,14.14,13.9,1.10M,-0.85%
3/24/2022,14.06,13.95,14.08,13.85,797.61K,0.86%
3/25/2022,14.33,14.1,14.33,14.04,1.61M,1.92%
3/28/2022,14.26,14.33,14.36,14.18,1.30M,-0.49%
3/29/2022,14.52,14.35,14.55,14.33,1.39M,1.82%
3/30/2022,13.85,14.19,14.2,13.85,1.15M,-4.61%
3/31/2022,13.93,13.82,14.03,13.76,1.05M,0.58%
4/1/2022,14.16,13.96,14.16,13.92,1.12M,1.65%
4/4/2022,14.16,14.16,14.19,13.89,956.33K,0.00%
4/5/2022,13.86,14.2,14.26,13.81,950.44K,-2.12%
4/6/2022,13.68,13.86,13.9,13.59,1.20M,-1.30%
4/7/2022,13.24,13.65,13.75,13.18,1.44M,-3.22%
4/8/2022,13.41,13.26,13.51,13.2,806.73K,1.28%
4/11/2022,13.5,13.44,13.61,13.41,845.26K,0.67%
4/12/2022,13.61,13.6,13.71,13.57,780.60K,0.81%
4/13/2022,13.9,13.64,13.94,13.62,1.04M,2.13%
4/14/2022,13.97,13.95,14.09,13.9,985.91K,0.50%
4/18/2022,13.91,13.96,14.1,13.84,840.40K,-0.43%
4/19/2022,13.58,13.92,13.99,13.49,1.54M,-2.37%
4/20/2022,13.85,13.74,13.99,13.71,989.91K,1.99%
4/21/2022,13.72,13.97,14.03,13.69,850.47K,-0.94%
4/22/2022,13.36,13.67,13.73,13.36,1.08M,-2.62%
4/25/2022,13.28,13.25,13.34,12.93,1.37M,-0.60%
4/26/2022,12.74,13.15,13.25,12.7,1.85M,-4.07%
4/27/2022,12.55,12.75,12.85,12.52,1.56M,-1.49%
4/28/2022,12.64,12.52,12.72,12.33,1.37M,0.72%
4/29/2022,12.04,12.62,12.66,12.04,1.14M,-4.75%
5/2/2022,11.91,12.14,12.23,11.73,1.38M,-1.08%
5/3/2022,12.46,11.91,12.5,11.91,1.29M,4.62%
5/4/2022,12.81,12.53,12.84,12.39,882.71K,2.81%
5/5/2022,12.46,12.68,12.73,12.32,919.82K,-2.73%
5/6/2022,12.44,12.42,12.57,12.26,933.80K,-0.16%
5/9/2022,11.91,12.31,12.4,11.81,1.45M,-4.26%
5/10/2022,11.89,12.02,12.23,11.68,1.22M,-0.17%
5/11/2022,11.83,11.91,12.13,11.76,1.27M,-0.50%
5/12/2022,11.84,11.79,11.85,11.54,1.61M,0.08%
5/13/2022,12.25,11.91,12.32,11.86,1.23M,3.46%
5/16/2022,12.42,12.28,12.51,12.25,1.10M,1.39%
5/17/2022,12.71,12.54,12.78,12.5,999.84K,2.33%
5/18/2022,12.36,12.71,12.71,12.32,1.43M,-2.75%
5/19/2022,12.08,12.25,12.48,12.08,1.49M,-2.27%
5/20/2022,11.94,12.11,12.16,11.69,1.07M,-1.16%
5/23/2022,12.16,12.06,12.24,11.95,766.52K,1.84%
5/24/2022,12.18,12.17,12.2,11.83,879.78K,0.16%
5/25/2022,12.26,12.15,12.34,12.12,765.06K,0.66%
5/26/2022,12.58,12.36,12.69,12.32,989.55K,2.61%
5/27/2022,12.76,12.61,12.79,12.58,601.94K,1.43%
5/31/2022,12.73,12.76,12.83,12.66,873.11K,-0.24%
6/1/2022,12.58,12.76,12.82,12.38,951.97K,-1.18%
6/2/2022,12.6,12.58,12.62,12.43,678.31K,0.16%
6/3/2022,12.42,12.55,12.58,12.4,842.54K,-1.43%
6/6/2022,12.38,12.51,12.54,12.37,594.30K,-0.32%
6/7/2022,12.55,12.35,12.56,12.28,701.80K,1.37%
6/8/2022,12.27,12.49,12.53,12.21,675.39K,-2.23%
6/9/2022,12.03,12.22,12.31,12.02,723.10K,-1.96%
6/10/2022,11.83,11.99,12,11.73,1.10M,-1.66%
6/13/2022,10.48,11.63,11.64,10.39,2.17M,-11.41%
6/14/2022,10.09,10.49,10.55,9.99,1.33M,-3.72%
6/15/2022,10.14,10.12,10.32,9.83,2.01M,0.50%
6/16/2022,9.57,9.91,9.97,9.5,1.95M,-5.62%
6/17/2022,9.76,9.6,9.84,9.41,3.67M,1.99%
6/21/2022,10.18,10.01,10.39,9.96,1.45M,4.30%
6/22/2022,10.37,10.14,10.45,10.08,1.32M,1.87%
6/23/2022,10.63,10.39,10.64,10.35,1.05M,2.51%
6/24/2022,11.08,10.74,11.19,10.71,1.87M,4.23%
6/27/2022,10.99,11.15,11.24,10.96,1.24M,-0.81%
6/28/2022,10.85,11.1,11.21,10.8,1.40M,-1.27%
6/29/2022,10.27,10.36,10.4,10.22,940.18K,-5.35%
6/30/2022,10.44,10.11,10.44,10.06,1.29M,1.66%
7/1/2022,10.84,10.4,10.9,10.4,1.23M,3.83%
7/5/2022,10.8,10.69,10.81,10.44,1.22M,-0.37%
7/6/2022,10.56,10.8,10.89,10.48,813.11K,-2.22%
7/7/2022,10.7,10.65,10.82,10.56,559.12K,1.33%
7/8/2022,10.74,10.72,10.79,10.6,584.85K,0.37%
7/11/2022,10.63,10.74,10.82,10.58,506.37K,-1.02%
7/12/2022,10.64,10.61,10.78,10.56,562.91K,0.09%
7/13/2022,10.72,10.55,10.77,10.51,703.55K,0.75%
7/14/2022,10.44,10.55,10.57,10.3,809.55K,-2.61%
7/15/2022,10.63,10.64,10.72,10.34,1.07M,1.82%
7/18/2022,10.69,10.75,10.77,10.53,778.87K,0.56%
7/19/2022,11.1,10.79,11.18,10.79,843.75K,3.84%
7/20/2022,11.33,11.11,11.37,11.02,1.22M,2.07%
7/21/2022,11.42,11.24,11.42,11.17,1.21M,0.79%
7/22/2022,11.42,11.43,11.51,11.31,977.83K,0.00%
7/25/2022,11.56,11.37,11.56,11.37,657.35K,1.23%
7/26/2022,11.46,11.48,11.63,11.36,1.21M,-0.87%
7/27/2022,12.09,11.65,12.14,11.64,1.27M,5.50%
7/28/2022,12.68,12.1,12.73,12.1,1.61M,4.88%
7/29/2022,12.78,12.72,12.93,12.69,1.05M,0.79%
8/1/2022,12.68,12.74,12.85,12.57,834.60K,-0.78%
8/2/2022,12.12,12.54,12.55,12.11,1.15M,-4.42%
8/3/2022,12.24,12.27,12.31,12.15,687.65K,0.99%
8/4/2022,12.38,12.3,12.38,12.16,611.79K,1.14%
8/5/2022,12.49,12.29,12.59,12.19,807.46K,0.89%
8/8/2022,12.7,12.54,12.8,12.54,942.15K,1.68%
8/9/2022,12.66,12.7,12.7,12.47,708.90K,-0.31%
8/10/2022,12.76,12.76,12.84,12.7,1.10M,0.79%
8/11/2022,12.83,12.81,12.93,12.69,736.50K,0.55%
8/12/2022,13,12.87,13.02,12.78,632.35K,1.33%
8/15/2022,13.01,12.95,13.02,12.86,711.52K,0.08%
8/16/2022,13.07,12.94,13.1,12.88,852.21K,0.46%
8/17/2022,12.8,12.89,12.92,12.61,836.23K,-2.07%
8/18/2022,12.82,12.77,13.02,12.76,801.38K,0.16%
8/19/2022,12.59,12.75,12.77,12.56,2.00M,-1.79%
8/22/2022,12.3,12.42,12.45,12.26,710.33K,-2.30%
8/23/2022,12.49,12.3,12.55,12.3,683.57K,1.54%
8/24/2022,12.49,12.55,12.57,12.4,569.21K,0.00%
8/25/2022,12.68,12.53,12.78,12.51,785.54K,1.52%
8/26/2022,12.46,12.72,12.77,12.42,728.57K,-1.74%
8/29/2022,12.25,12.35,12.44,12.23,932.23K,-1.69%
8/30/2022,11.75,12.33,12.34,11.69,1.43M,-4.08%
8/31/2022,11.65,11.7,11.99,11.64,1.06M,-0.85%
9/1/2022,11.37,11.65,11.67,11.23,1.32M,-2.40%
9/2/2022,11.29,11.57,11.57,11.2,1.17M,-0.70%
9/6/2022,10.93,11,11.13,10.69,1.86M,-3.19%
9/7/2022,11.14,10.92,11.16,10.83,922.50K,1.92%
9/8/2022,11.07,11.04,11.13,10.92,677.04K,-0.63%
9/9/2022,11.38,11.12,11.4,11.09,783.30K,2.80%
9/12/2022,11.62,11.49,11.63,11.48,973.42K,2.11%
9/13/2022,11.08,11.33,11.4,11.02,1.16M,-4.65%
9/14/2022,11.28,11.1,11.29,11.09,1.15M,1.81%
9/15/2022,11.19,11.29,11.43,11.12,1.01M,-0.80%
9/16/2022,11.18,11.12,11.19,10.89,2.70M,-0.09%
9/19/2022,11.35,11.08,11.37,11.04,1.18M,1.52%
9/20/2022,11.21,11.18,11.35,11.11,743.70K,-1.23%
9/21/2022,11.05,11.33,11.37,11.05,846.27K,-1.43%
9/22/2022,10.59,11.05,11.06,10.56,1.19M,-4.16%
9/23/2022,10.25,10.46,10.47,10.06,1.58M,-3.21%
9/26/2022,9.51,10.2,10.29,9.48,1.80M,-7.22%
9/27/2022,9.24,9.67,9.83,9.13,1.92M,-2.84%
9/28/2022,9.46,9.37,9.59,9.26,1.46M,2.38%
9/29/2022,8.36,8.97,9.02,8.2,2.48M,-11.63%
9/30/2022,8.3,8.43,8.56,8.26,2.62M,-0.72%
10/3/2022,8.5,8.47,8.54,7.91,2.58M,2.41%
10/4/2022,9.24,8.72,9.27,8.67,2.10M,8.71%
10/5/2022,8.97,9.05,9.05,8.55,2.24M,-2.92%
10/6/2022,8.7,8.91,8.97,8.65,1.97M,-3.01%
10/7/2022,8.47,8.61,8.86,8.42,2.58M,-2.64%
10/10/2022,8.41,8.56,8.74,8.38,1.83M,-0.71%
10/11/2022,8.86,8.36,8.98,8.28,2.47M,5.35%
10/12/2022,9.01,8.86,9.1,8.67,1.75M,1.69%
10/13/2022,9.35,8.8,9.37,8.68,1.76M,3.77%
10/14/2022,9.08,9.46,9.61,9.08,1.37M,-2.89%
10/17/2022,9.49,9.32,9.65,9.23,1.41M,4.52%
10/18/2022,9.48,9.72,9.87,9.36,1.29M,-0.11%
10/19/2022,9.33,9.33,9.47,9.23,808.20K,-1.58%
10/20/2022,9.27,9.32,9.46,9.22,803.66K,-0.64%
10/21/2022,9.5,9.36,9.51,9.21,897.07K,2.48%
10/24/2022,9.53,9.48,9.58,9.26,1.08M,0.32%
10/25/2022,11.25,10.48,11.47,10.22,3.06M,18.05%
10/26/2022,11.4,11.3,11.72,11.24,1.62M,1.33%
10/27/2022,11.32,11.5,11.65,11.2,1.64M,-0.70%
10/28/2022,11.67,11.3,11.85,11.3,1.57M,3.09%
10/31/2022,11.26,11.66,11.66,11.24,1.73M,-3.51%
11/1/2022,11.27,11.49,11.56,11.2,1.11M,0.09%
11/2/2022,11.08,11.27,11.56,11.05,1.13M,-1.69%
11/3/2022,10.72,10.87,10.9,10.55,1.37M,-3.25%
11/4/2022,11.11,10.87,11.27,10.85,1.27M,3.64%
11/7/2022,11.4,11.22,11.41,11.05,856.88K,2.61%
11/8/2022,11.42,11.45,11.56,11.29,749.68K,0.18%
11/9/2022,11.34,11.3,11.59,11.14,734.77K,-0.70%
11/10/2022,12.06,11.75,12.07,11.71,1.69M,6.35%
11/11/2022,12.21,12.09,12.43,11.98,887.23K,1.24%
11/14/2022,11.97,12.21,12.22,11.84,898.39K,-1.97%
11/15/2022,12.07,12.22,12.32,11.9,631.27K,0.84%
11/16/2022,11.76,12.03,12.03,11.65,849.24K,-2.57%
11/17/2022,11.6,11.63,11.69,11.4,685.87K,-1.36%
11/18/2022,11.86,11.82,11.92,11.62,787.77K,2.24%
11/21/2022,11.91,11.8,11.92,11.71,670.56K,0.42%
11/22/2022,11.97,11.9,11.98,11.82,659.95K,0.50%
11/23/2022,11.98,11.96,12.1,11.84,533.58K,0.08%
11/25/2022,12.04,11.93,12.13,11.9,349.84K,0.50%
11/28/2022,12,11.9,12.04,11.89,609.97K,-0.33%
11/29/2022,12.03,12.02,12.07,11.9,694.33K,0.25%
11/30/2022,12.36,12.03,12.36,11.85,1.31M,2.74%
12/1/2022,12.24,12.36,12.47,12.17,939.58K,-0.97%
12/2/2022,12.11,11.94,12.13,11.8,959.70K,-1.06%
12/5/2022,11.52,12.01,12.05,11.52,1.11M,-4.87%
12/6/2022,11.28,11.59,11.61,11.21,1.17M,-2.08%
12/7/2022,11.5,11.28,11.52,11.16,1.02M,1.95%
12/8/2022,11.69,11.52,11.76,11.5,806.82K,1.65%
12/9/2022,11.59,11.58,11.73,11.52,531.68K,-0.86%
12/12/2022,11.66,11.53,11.66,11.37,646.14K,0.60%
12/13/2022,11.81,12.25,12.3,11.8,906.59K,1.29%
12/14/2022,11.77,11.77,11.94,11.68,905.05K,-0.34%
12/15/2022,11.43,11.61,11.65,11.29,998.39K,-2.89%
12/16/2022,11.15,11.23,11.31,11.04,3.32M,-2.45%
12/19/2022,11.09,11.19,11.31,11,862.43K,-0.54%
12/20/2022,11.04,11.04,11.08,10.84,876.05K,-0.45%
12/21/2022,11.42,11.2,11.52,11.2,1.26M,3.44%
12/22/2022,11.37,11.29,11.41,11.12,1.02M,-0.44%
12/23/2022,11.3,11.38,11.41,11.24,446.37K,-0.62%
12/27/2022,11.4,11.3,11.42,11.17,904.69K,0.88%
12/28/2022,10.9,11.49,11.49,10.9,1.25M,-4.39%
12/29/2022,10.85,10.63,10.88,10.55,1.00M,-0.46%
12/30/2022,10.76,10.74,10.83,10.61,932.09K,-0.83%
1/3/2023,10.88,10.92,11.1,10.8,1.17M,1.12%
1/4/2023,11.13,11.09,11.23,11.06,1.01M,2.30%
1/5/2023,11.08,11.11,11.18,10.97,544.44K,-0.45%
1/6/2023,11.2,11.17,11.31,11.11,683.36K,1.08%
1/9/2023,11.09,11.3,11.33,11.07,959.26K,-0.98%
1/10/2023,11.31,11.06,11.31,10.99,702.41K,1.98%
1/11/2023,11.66,11.42,11.74,11.42,830.16K,3.09%
1/12/2023,11.86,11.81,11.93,11.67,745.15K,1.72%
1/13/2023,11.74,11.79,11.8,11.56,912.12K,-1.01%
1/17/2023,11.67,11.71,11.87,11.61,884.71K,-0.60%
1/18/2023,11.53,11.75,11.79,11.49,636.88K,-1.20%
1/19/2023,11.49,11.36,11.5,11.28,724.23K,-0.35%
1/20/2023,11.7,11.56,11.72,11.4,679.46K,1.83%
1/23/2023,11.88,11.72,11.97,11.71,740.95K,1.54%
1/24/2023,11.8,11.79,11.94,11.79,438.68K,-0.67%
1/25/2023,11.77,11.73,11.8,11.63,363.08K,-0.25%
1/26/2023,11.76,11.79,11.87,11.62,466.45K,-0.08%
1/27/2023,12,11.77,12.06,11.77,776.53K,2.04%
1/30/2023,11.86,11.89,11.93,11.78,633.87K,-1.17%
1/31/2023,12.17,11.94,12.21,11.85,1.14M,2.61%
2/1/2023,12.29,12.1,12.43,12.06,956.82K,0.99%
2/2/2023,12.64,12.35,12.72,12.3,1.21M,2.85%
2/3/2023,12.67,12.44,12.74,12.4,1.22M,0.24%
2/6/2023,12.27,12.52,12.57,12.19,824.99K,-3.16%
2/7/2023,12.31,12.23,12.41,12.15,968.62K,0.33%
2/8/2023,12.07,12.2,12.28,12,952.73K,-1.95%
2/9/2023,11.24,11.98,12.28,11.2,1.72M,-6.88%
2/10/2023,11.73,11.32,11.92,11.26,1.55M,4.36%
2/13/2023,11.87,11.71,11.89,11.65,1.01M,1.19%
2/14/2023,11.73,11.79,11.91,11.68,721.98K,-1.18%
2/15/2023,11.96,11.65,11.97,11.56,644.23K,1.96%
2/16/2023,11.96,11.79,12.05,11.74,714.27K,0.00%
2/17/2023,11.97,11.98,11.98,11.82,569.21K,0.08%
2/21/2023,11.5,11.79,11.91,11.35,1.09M,-3.93%
2/22/2023,11.69,11.59,11.83,11.59,863.73K,1.65%
2/23/2023,11.81,11.76,11.88,11.57,860.16K,1.03%
2/24/2023,11.56,11.67,11.69,11.4,772.68K,-2.12%
2/27/2023,11.57,11.67,11.73,11.5,529.76K,0.09%
2/28/2023,11.49,11.57,11.64,11.48,746.46K,-0.69%
3/1/2023,11.25,11.48,11.49,11.2,876.45K,-2.09%
3/2/2023,11.09,11.2,11.22,11,1.26M,-1.42%
3/3/2023,11.35,11.22,11.45,11.13,619.73K,2.34%
3/6/2023,11.3,11.4,11.51,11.27,961.64K,-0.44%
3/7/2023,11.23,11.35,11.4,11.2,678.03K,-0.62%
3/8/2023,11.05,11.21,11.23,10.91,834.42K,-1.60%
3/9/2023,10.54,11.07,11.13,10.51,1.25M,-4.62%
3/10/2023,10.07,10.55,10.59,9.95,1.73M,-4.46%
3/13/2023,10.05,9.94,10.14,9.54,1.96M,-0.20%
3/14/2023,10.14,10.42,10.55,9.91,1.71M,0.90%
3/15/2023,9.32,9.93,9.93,9.02,4.77M,-8.09%
3/16/2023,9.44,9.35,9.66,8.99,2.29M,1.29%
3/17/2023,8.99,9.35,9.4,8.96,3.16M,-4.77%
3/20/2023,9.32,9.15,9.48,9.14,1.58M,3.67%
3/21/2023,9.61,9.56,9.78,9.54,1.39M,3.11%
3/22/2023,9.22,9.6,9.62,9.2,1.26M,-4.06%
3/23/2023,8.89,9.3,9.39,8.87,1.53M,-3.58%
3/24/2023,9.14,8.9,9.18,8.7,1.49M,2.81%
3/27/2023,9.3,9.35,9.46,9.19,1.29M,1.75%
3/28/2023,9.31,9.25,9.44,9.19,1.56M,0.11%
3/29/2023,9.43,9.47,9.53,9.36,1.38M,1.29%
3/30/2023,9.07,9.18,9.24,8.95,1.46M,-3.82%
3/31/2023,9.31,9.1,9.31,9.06,1.65M,2.65%
4/3/2023,9.24,9.32,9.45,9.14,1.13M,-0.75%
4/4/2023,9.13,9.31,9.31,9.02,1.02M,-1.19%
4/5/2023,9.06,9,9.14,8.95,1.30M,-0.77%
4/6/2023,9.07,9.13,9.19,9.02,985.36K,0.11%
4/10/2023,8.92,9.07,9.13,8.58,2.17M,-1.65%
4/11/2023,9.11,9.03,9.19,8.98,1.24M,2.13%
4/12/2023,9.19,9.21,9.3,9.12,998.92K,0.88%
4/13/2023,9.18,9.14,9.2,8.94,1.34M,-0.11%
4/14/2023,9.18,9.25,9.4,9.07,1.38M,0.00%
4/17/2023,9.45,9.13,9.49,9.02,1.37M,2.94%
4/18/2023,9.32,9.42,9.45,9.21,849.34K,-1.38%
4/19/2023,9.52,9.25,9.6,9.22,1.20M,2.15%
4/20/2023,9.48,9.42,9.56,9.39,1.16M,-0.42%
4/21/2023,9.48,9.5,9.55,9.3,903.81K,0.00%
4/24/2023,9.36,9.46,9.5,9.24,1.11M,-1.27%
4/25/2023,9.24,9.31,9.33,9.13,3.18M,-1.28%
4/26/2023,9.36,9.3,9.77,9.26,3.45M,1.30%
4/27/2023,10,9.5,10.01,9.5,1.25M,6.84%
4/28/2023,10.12,9.94,10.13,9.89,1.67M,1.20%
5/1/2023,10.01,10.12,10.35,9.93,1.42M,-1.09%
5/2/2023,9.61,9.95,10,9.39,1.34M,-4.00%
5/3/2023,9.61,9.65,9.93,9.58,1.21M,0.00%
5/4/2023,9.31,9.49,9.59,9.23,1.33M,-3.12%
5/5/2023,9.52,9.5,9.67,9.4,1.25M,2.26%
5/8/2023,9.55,9.63,9.63,9.36,868.12K,0.32%
5/9/2023,9.42,9.45,9.53,9.34,747.51K,-1.36%
5/10/2023,9.38,9.6,9.64,9.31,810.31K,-0.42%
5/11/2023,9.62,9.38,9.63,9.3,1.06M,2.56%
5/12/2023,9.63,9.64,9.65,9.5,778.74K,0.10%
5/15/2023,9.7,9.63,9.8,9.56,823.89K,0.73%
5/16/2023,9.59,9.64,9.7,9.56,558.73K,-1.13%
5/17/2023,9.99,9.72,10,9.62,1.18M,4.17%
5/18/2023,10.15,9.94,10.16,9.89,1.02M,1.60%
5/19/2023,10.09,10.22,10.26,9.95,1.27M,-0.59%
5/22/2023,10.19,10.1,10.23,10.02,727.55K,0.99%
5/23/2023,10.24,10.18,10.5,10.18,1.32M,0.49%
5/24/2023,10.05,10.21,10.27,9.94,928.91K,-1.86%
5/25/2023,9.84,9.99,10.05,9.79,997.19K,-2.09%
5/26/2023,10.16,9.91,10.21,9.79,877.78K,3.25%
5/30/2023,10.22,10.16,10.32,10.12,862.02K,0.59%
5/31/2023,10.09,10.1,10.22,9.99,1.26M,-1.27%
6/1/2023,10.35,10.14,10.4,9.97,994.05K,2.58%
6/2/2023,10.73,10.52,10.79,10.42,1.02M,3.67%
6/5/2023,10.55,10.73,10.73,10.46,791.98K,-1.68%
6/6/2023,10.93,10.51,10.98,10.51,1.55M,3.60%
6/7/2023,11.04,10.96,11.15,10.9,1.05M,1.01%
6/8/2023,10.93,11,11.04,10.84,975.45K,-1.00%
6/9/2023,10.85,10.91,10.97,10.76,602.59K,-0.73%
6/12/2023,11.09,10.83,11.11,10.83,754.88K,2.21%
6/13/2023,11.22,11.12,11.25,11.08,799.04K,1.17%
6/14/2023,11.19,11.27,11.38,11.09,876.19K,-0.27%
6/15/2023,11.42,11.15,11.44,11.14,1.07M,2.06%
6/16/2023,11.31,11.45,11.45,11.19,2.29M,-0.96%
